copy0,copy1,processsymbols,createtree,createtree_partition,assigncodeword,assigncodeword_partition,obj1,obj2
0000,1,1,1,1,1,1,1,36.102,745
0001,1,1,1,1,1,1,2,35.596,757
0002,1,1,1,1,1,1,4,36.634,774
0003,1,1,1,1,1,2,1,36.815,817
0004,1,1,1,1,1,2,2,36.220,809
0005,1,1,1,1,1,2,4,36.448,817
0006,1,1,1,1,1,4,1,35.816,917
0007,1,1,1,1,1,4,2,35.596,916
0008,1,1,1,1,1,4,4,37.102,876
0009,1,1,1,1,2,1,1,35.556,794
0010,1,1,1,1,2,1,2,35.596,814
0011,1,1,1,1,2,1,4,35.700,847
0012,1,1,1,1,2,2,1,35.670,837
0014,1,1,1,1,2,2,4,36.432,888
0015,1,1,1,1,2,4,1,36.190,953
0016,1,1,1,1,2,4,2,36.217,944
0017,1,1,1,1,2,4,4,35.600,942
0018,1,1,1,1,4,1,1,35.563,890
0019,1,1,1,1,4,1,2,35.685,899
0020,1,1,1,1,4,1,4,36.091,851
0021,1,1,1,1,4,2,1,34.848,937
0024,1,1,1,1,4,4,1,35.879,1014
0025,1,1,1,1,4,4,2,35.289,1033
0026,1,1,1,1,4,4,4,36.087,1025
0027,1,1,1,2,1,1,1,35.752,871
0028,1,1,1,2,1,1,2,34.788,855
0029,1,1,1,2,1,1,4,35.260,850
0030,1,1,1,2,1,2,1,35.058,897
0031,1,1,1,2,1,2,2,35.711,898
0032,1,1,1,2,1,2,4,35.140,913
0033,1,1,1,2,1,4,1,35.383,985
0034,1,1,1,2,1,4,2,35.940,985
0035,1,1,1,2,1,4,4,36.133,995
0036,1,1,1,2,2,1,1,32.580,959
0037,1,1,1,2,2,1,2,31.654,988
0038,1,1,1,2,2,1,4,33.790,987
0039,1,1,1,2,2,2,1,33.615,1000
0040,1,1,1,2,2,2,2,33.224,977
0041,1,1,1,2,2,2,4,31.622,967
0042,1,1,1,2,2,4,1,33.179,1117
0043,1,1,1,2,2,4,2,32.521,1059
0044,1,1,1,2,2,4,4,32.978,1080
0045,1,1,1,2,4,1,1,32.801,1054
0046,1,1,1,2,4,1,2,32.469,1092
0047,1,1,1,2,4,1,4,32.952,1040
0048,1,1,1,2,4,2,1,32.359,1097
0049,1,1,1,2,4,2,2,32.029,1080
0050,1,1,1,2,4,2,4,32.583,1104
0051,1,1,1,2,4,4,1,33.041,1185
0052,1,1,1,2,4,4,2,32.839,1201
0053,1,1,1,2,4,4,4,33.143,1187
0054,1,1,1,4,1,1,1,33.984,1014
0055,1,1,1,4,1,1,2,34.052,997
0056,1,1,1,4,1,1,4,34.079,998
0057,1,1,1,4,1,2,1,33.777,1042
0058,1,1,1,4,1,2,2,34.092,1041
0059,1,1,1,4,1,2,4,33.981,1065
0060,1,1,1,4,1,4,1,34.256,1147
0061,1,1,1,4,1,4,2,34.400,1156
0062,1,1,1,4,1,4,4,34.581,1150
0063,1,1,1,4,2,1,1,30.381,1164
0064,1,1,1,4,2,1,2,29.977,1168
0065,1,1,1,4,2,1,4,30.295,1184
0066,1,1,1,4,2,2,1,30.252,1247
0067,1,1,1,4,2,2,2,30.268,1198
0068,1,1,1,4,2,2,4,31.201,1239
0069,1,1,1,4,2,4,1,30.649,1274
0070,1,1,1,4,2,4,2,30.000,1319
0071,1,1,1,4,2,4,4,30.445,1294
0072,1,1,1,4,4,1,1,30.233,1162
0073,1,1,1,4,4,1,2,30.006,1204
0074,1,1,1,4,4,1,4,30.122,1183
0075,1,1,1,4,4,2,1,30.098,1252
0076,1,1,1,4,4,2,2,30.633,1279
0077,1,1,1,4,4,2,4,29.761,1276
0078,1,1,1,4,4,4,1,29.779,1335
0079,1,1,1,4,4,4,2,29.776,1337
0080,1,1,1,4,4,4,4,29.896,1335
0081,1,1,2,1,1,1,1,37.702,773
0082,1,1,2,1,1,1,2,36.102,787
0083,1,1,2,1,1,1,4,34.788,792
0084,1,1,2,1,1,2,1,35.977,837
0086,1,1,2,1,1,2,4,35.857,840
0087,1,1,2,1,1,4,1,36.914,952
0088,1,1,2,1,1,4,2,35.530,944
0089,1,1,2,1,1,4,4,35.358,920
0090,1,1,2,1,2,1,1,36.240,852
0091,1,1,2,1,2,1,2,36.255,871
0092,1,1,2,1,2,1,4,34.595,825
0093,1,1,2,1,2,2,1,36.201,879
0094,1,1,2,1,2,2,2,34.880,882
0095,1,1,2,1,2,2,4,36.049,932
0096,1,1,2,1,2,4,1,35.173,987
0097,1,1,2,1,2,4,2,35.966,1015
0098,1,1,2,1,2,4,4,34.595,961
0099,1,1,2,1,4,1,1,36.144,882
0100,1,1,2,1,4,1,2,36.091,935
0101,1,1,2,1,4,1,4,36.114,910
0102,1,1,2,1,4,2,1,35.519,964
0103,1,1,2,1,4,2,2,35.376,944
0104,1,1,2,1,4,2,4,35.730,981
0105,1,1,2,1,4,4,1,35.464,1047
0106,1,1,2,1,4,4,2,35.054,1073
0107,1,1,2,1,4,4,4,35.805,1055
0108,1,1,2,2,1,1,1,35.801,894
0109,1,1,2,2,1,1,2,34.487,894
0110,1,1,2,2,1,1,4,34.567,885
0111,1,1,2,2,1,2,1,35.332,935
0114,1,1,2,2,1,4,1,37.142,1037
0115,1,1,2,2,1,4,2,35.928,1034
0116,1,1,2,2,1,4,4,34.455,1040
0117,1,1,2,2,2,1,1,32.592,956
0118,1,1,2,2,2,1,2,32.720,981
0119,1,1,2,2,2,1,4,33.411,1006
0120,1,1,2,2,2,2,1,33.240,1016
0121,1,1,2,2,2,2,2,34.086,1056
0122,1,1,2,2,2,2,4,33.578,1039
0123,1,1,2,2,2,4,1,32.654,1118
0124,1,1,2,2,2,4,2,32.420,1120
0125,1,1,2,2,2,4,4,32.240,1131
0126,1,1,2,2,4,1,1,33.724,1077
0127,1,1,2,2,4,1,2,33.147,1081
0128,1,1,2,2,4,1,4,32.864,1100
0129,1,1,2,2,4,2,1,31.946,1165
0130,1,1,2,2,4,2,2,33.095,1112
0131,1,1,2,2,4,2,4,33.565,1152
0132,1,1,2,2,4,4,1,33.314,1219
0133,1,1,2,2,4,4,2,33.405,1215
0134,1,1,2,2,4,4,4,32.605,1183
0135,1,1,2,4,1,1,1,34.235,1038
0136,1,1,2,4,1,1,2,33.793,1040
0137,1,1,2,4,1,1,4,34.972,1047
0138,1,1,2,4,1,2,1,33.667,1100
0139,1,1,2,4,1,2,2,34.130,1064
0140,1,1,2,4,1,2,4,33.588,1102
0141,1,1,2,4,1,4,1,34.201,1194
0142,1,1,2,4,1,4,2,33.434,1154
0143,1,1,2,4,1,4,4,34.542,1205
0144,1,1,2,4,2,1,1,30.043,1225
0145,1,1,2,4,2,1,2,30.499,1202
0146,1,1,2,4,2,1,4,31.201,1169
0147,1,1,2,4,2,2,1,30.236,1253
0148,1,1,2,4,2,2,2,30.204,1249
0149,1,1,2,4,2,2,4,29.311,1259
0150,1,1,2,4,2,4,1,29.346,1324
0151,1,1,2,4,2,4,2,30.346,1334
0152,1,1,2,4,2,4,4,31.108,1328
0153,1,1,2,4,4,1,1,30.491,1211
0154,1,1,2,4,4,1,2,29.987,1252
0155,1,1,2,4,4,1,4,30.132,1221
0156,1,1,2,4,4,2,1,30.114,1287
0157,1,1,2,4,4,2,2,30.011,1323
0158,1,1,2,4,4,2,4,29.993,1332
0159,1,1,2,4,4,4,1,30.255,1372
0160,1,1,2,4,4,4,2,30.494,1388
0161,1,1,2,4,4,4,4,30.699,1352
0162,1,1,4,1,1,1,1,35.515,817
0163,1,1,4,1,1,1,2,34.546,841
0164,1,1,4,1,1,1,4,35.898,878
0165,1,1,4,1,1,2,1,36.942,881
0166,1,1,4,1,1,2,2,36.780,880
0167,1,1,4,1,1,2,4,36.053,887
0168,1,1,4,1,1,4,1,35.552,963
0169,1,1,4,1,1,4,2,36.479,992
0170,1,1,4,1,1,4,4,35.989,953
0171,1,1,4,1,2,1,1,36.102,886
0172,1,1,4,1,2,1,2,36.167,873
0173,1,1,4,1,2,1,4,36.811,871
0174,1,1,4,1,2,2,1,35.667,928
0176,1,1,4,1,2,2,4,35.722,916
0177,1,1,4,1,2,4,1,35.763,1036
0178,1,1,4,1,2,4,2,36.305,1032
0179,1,1,4,1,2,4,4,35.711,1022
0180,1,1,4,1,4,1,1,34.990,918
0181,1,1,4,1,4,1,2,35.354,949
0182,1,1,4,1,4,1,4,35.831,926
0183,1,1,4,1,4,2,1,35.497,985
0184,1,1,4,1,4,2,2,35.079,1007
0185,1,1,4,1,4,2,4,35.402,999
0186,1,1,4,1,4,4,1,35.158,1090
0187,1,1,4,1,4,4,2,35.693,1102
0188,1,1,4,1,4,4,4,36.479,1104
0189,1,1,4,2,1,1,1,35.372,934
0190,1,1,4,2,1,1,2,35.644,903
0191,1,1,4,2,1,1,4,34.497,952
0192,1,1,4,2,1,2,1,34.908,972
0193,1,1,4,2,1,2,2,36.486,942
0194,1,1,4,2,1,2,4,35.051,982
0195,1,1,4,2,1,4,1,35.144,1090
0196,1,1,4,2,1,4,2,35.173,1054
0197,1,1,4,2,1,4,4,34.933,1070
0198,1,1,4,2,2,1,1,33.009,1012
0199,1,1,4,2,2,1,2,34.229,986
0200,1,1,4,2,2,1,4,32.770,1016
0201,1,1,4,2,2,2,1,33.575,1068
0202,1,1,4,2,2,2,2,33.214,1055
0203,1,1,4,2,2,2,4,32.965,1044
0204,1,1,4,2,2,4,1,33.944,1207
0205,1,1,4,2,2,4,2,33.924,1164
0206,1,1,4,2,2,4,4,33.147,1157
0207,1,1,4,2,4,1,1,33.083,1160
0208,1,1,4,2,4,1,2,33.467,1126
0209,1,1,4,2,4,1,4,33.073,1153
0210,1,1,4,2,4,2,1,32.767,1152
0211,1,1,4,2,4,2,2,32.905,1187
0212,1,1,4,2,4,2,4,32.848,1203
0213,1,1,4,2,4,4,1,33.971,1239
0214,1,1,4,2,4,4,2,33.565,1261
0215,1,1,4,2,4,4,4,32.605,1232
0216,1,1,4,4,1,1,1,34.366,1050
0217,1,1,4,4,1,1,2,33.954,1079
0218,1,1,4,4,1,1,4,33.964,1074
0219,1,1,4,4,1,2,1,33.641,1118
0220,1,1,4,4,1,2,2,34.300,1134
0221,1,1,4,4,1,2,4,34.324,1091
0222,1,1,4,4,1,4,1,34.126,1229
0223,1,1,4,4,1,4,2,33.734,1223
0224,1,1,4,4,1,4,4,34.469,1234
0225,1,1,4,4,2,1,1,30.367,1196
0226,1,1,4,4,2,1,2,30.185,1237
0227,1,1,4,4,2,1,4,31.057,1222
0228,1,1,4,4,2,2,1,30.106,1318
0229,1,1,4,4,2,2,2,29.883,1261
0230,1,1,4,4,2,2,4,29.769,1314
0231,1,1,4,4,2,4,1,30.688,1346
0232,1,1,4,4,2,4,2,30.489,1414
0233,1,1,4,4,2,4,4,30.148,1356
0234,1,1,4,4,4,1,1,30.079,1307
0235,1,1,4,4,4,1,2,30.016,1303
0236,1,1,4,4,4,1,4,29.893,1231
0237,1,1,4,4,4,2,1,30.842,1248
0238,1,1,4,4,4,2,2,30.951,1282
0239,1,1,4,4,4,2,4,30.183,1304
0240,1,1,4,4,4,4,1,30.108,1384
0241,1,1,4,4,4,4,2,30.559,1376
0242,1,1,4,4,4,4,4,30.303,1403
0243,1,4,1,1,1,1,1,35.981,1153
0244,1,4,1,1,1,1,2,36.265,1154
0245,1,4,1,1,1,1,4,35.871,1198
0246,1,4,1,1,1,2,1,36.130,1264
0247,1,4,1,1,1,2,2,38.196,1250
0248,1,4,1,1,1,2,4,37.788,1200
0249,1,4,1,1,1,4,1,36.676,1369
0250,1,4,1,1,1,4,2,36.875,1332
0251,1,4,1,1,1,4,4,37.915,1346
0252,1,4,1,1,2,1,1,34.774,1227
0253,1,4,1,1,2,1,2,35.202,1180
0254,1,4,1,1,2,1,4,35.619,1214
0255,1,4,1,1,2,2,1,35.112,1293
0256,1,4,1,1,2,2,2,35.728,1318
0257,1,4,1,1,2,2,4,35.046,1288
0258,1,4,1,1,2,4,1,35.920,1415
0259,1,4,1,1,2,4,2,34.534,1422
0260,1,4,1,1,2,4,4,35.567,1376
0261,1,4,1,1,4,1,1,34.349,1326
0262,1,4,1,1,4,1,2,34.721,1291
0263,1,4,1,1,4,1,4,34.835,1290
0264,1,4,1,1,4,2,1,34.380,1390
0265,1,4,1,1,4,2,2,34.283,1359
0266,1,4,1,1,4,2,4,34.460,1307
0267,1,4,1,1,4,4,1,34.548,1460
0268,1,4,1,1,4,4,2,35.221,1491
0269,1,4,1,1,4,4,4,34.632,1454
0270,1,4,1,2,1,1,1,34.537,1259
0271,1,4,1,2,1,1,2,34.111,1293
0272,1,4,1,2,1,1,4,33.965,1327
0273,1,4,1,2,1,2,1,34.242,1328
0274,1,4,1,2,1,2,2,33.995,1420
0275,1,4,1,2,1,2,4,34.328,1332
0276,1,4,1,2,1,4,1,34.197,1546
0277,1,4,1,2,1,4,2,33.453,1533
0278,1,4,1,2,1,4,4,33.352,1522
0279,1,4,1,2,2,1,1,31.263,1349
0280,1,4,1,2,2,1,2,31.486,1326
0281,1,4,1,2,2,1,4,31.186,1380
0283,1,4,1,2,2,2,2,31.698,1442
0284,1,4,1,2,2,2,4,31.252,1422
0285,1,4,1,2,2,4,1,32.126,1513
0286,1,4,1,2,2,4,2,31.618,1564
0287,1,4,1,2,2,4,4,31.730,1586
0288,1,4,1,2,4,1,1,31.289,1584
0289,1,4,1,2,4,1,2,31.220,1595
0290,1,4,1,2,4,1,4,31.109,1568
0291,1,4,1,2,4,2,1,32.111,1698
0292,1,4,1,2,4,2,2,31.483,1707
0293,1,4,1,2,4,2,4,32.288,1686
0294,1,4,1,2,4,4,1,32.086,1787
0295,1,4,1,2,4,4,2,31.894,1784
0296,1,4,1,2,4,4,4,32.053,1823
0297,1,4,1,4,1,1,1,31.063,1544
0298,1,4,1,4,1,1,2,31.143,1413
0299,1,4,1,4,1,1,4,31.289,1523
0300,1,4,1,4,1,2,1,30.696,1638
0301,1,4,1,4,1,2,2,30.294,1615
0302,1,4,1,4,1,2,4,30.189,1633
0303,1,4,1,4,1,4,1,31.489,1759
0304,1,4,1,4,1,4,2,30.460,1741
0305,1,4,1,4,1,4,4,29.472,1767
0306,1,4,1,4,2,1,1,28.124,1626
0307,1,4,1,4,2,1,2,26.089,1675
0308,1,4,1,4,2,1,4,27.577,1663
0309,1,4,1,4,2,2,1,26.803,1696
0310,1,4,1,4,2,2,2,28.089,1749
0311,1,4,1,4,2,2,4,27.925,1718
0312,1,4,1,4,2,4,1,27.239,1892
0313,1,4,1,4,2,4,2,27.219,1858
0314,1,4,1,4,2,4,4,27.366,1847
0315,1,4,1,4,4,1,1,29.312,1701
0316,1,4,1,4,4,1,2,29.774,1749
0317,1,4,1,4,4,1,4,28.276,1786
0318,1,4,1,4,4,2,1,28.461,1888
0319,1,4,1,4,4,2,2,29.224,1834
0320,1,4,1,4,4,2,4,29.206,1805
0321,1,4,1,4,4,4,1,28.723,1983
0322,1,4,1,4,4,4,2,29.657,1946
0323,1,4,1,4,4,4,4,29.503,1980
0324,1,4,2,1,1,1,1,35.485,1187
0325,1,4,2,1,1,1,2,36.891,1202
0326,1,4,2,1,1,1,4,36.069,1210
0327,1,4,2,1,1,2,1,37.015,1294
0329,1,4,2,1,1,2,4,35.852,1262
0330,1,4,2,1,1,4,1,36.122,1362
0331,1,4,2,1,1,4,2,36.257,1427
0332,1,4,2,1,1,4,4,36.628,1421
0333,1,4,2,1,2,1,1,35.430,1256
0334,1,4,2,1,2,1,2,34.513,1222
0335,1,4,2,1,2,1,4,35.701,1235
0336,1,4,2,1,2,2,1,35.039,1397
0337,1,4,2,1,2,2,2,34.799,1299
0338,1,4,2,1,2,2,4,35.235,1343
0339,1,4,2,1,2,4,1,35.141,1470
0340,1,4,2,1,2,4,2,35.882,1449
0341,1,4,2,1,2,4,4,35.137,1421
0342,1,4,2,1,4,1,1,34.520,1374
0343,1,4,2,1,4,1,2,34.788,1361
0344,1,4,2,1,4,1,4,34.415,1340
0345,1,4,2,1,4,2,1,35.025,1362
0346,1,4,2,1,4,2,2,34.770,1394
0347,1,4,2,1,4,2,4,34.380,1386
0348,1,4,2,1,4,4,1,34.474,1523
0349,1,4,2,1,4,4,2,34.457,1487
0350,1,4,2,1,4,4,4,34.520,1498
0351,1,4,2,2,1,1,1,33.907,1295
0352,1,4,2,2,1,1,2,34.101,1336
0353,1,4,2,2,1,1,4,33.830,1285
0354,1,4,2,2,1,2,1,34.173,1407
0355,1,4,2,2,1,2,2,32.992,1425
0356,1,4,2,2,1,2,4,33.873,1389
0357,1,4,2,2,1,4,1,33.401,1560
0358,1,4,2,2,1,4,2,33.978,1617
0359,1,4,2,2,1,4,4,34.026,1548
0360,1,4,2,2,2,1,1,31.489,1377
0361,1,4,2,2,2,1,2,30.936,1442
0362,1,4,2,2,2,1,4,30.919,1367
0363,1,4,2,2,2,2,1,32.202,1463
0364,1,4,2,2,2,2,2,32.865,1420
0365,1,4,2,2,2,2,4,31.347,1467
0366,1,4,2,2,2,4,1,31.683,1613
0367,1,4,2,2,2,4,2,30.967,1619
0368,1,4,2,2,2,4,4,31.486,1591
0369,1,4,2,2,4,1,1,31.335,1600
0370,1,4,2,2,4,1,2,31.422,1636
0371,1,4,2,2,4,1,4,32.585,1637
0372,1,4,2,2,4,2,1,30.597,1718
0373,1,4,2,2,4,2,2,31.115,1678
0374,1,4,2,2,4,2,4,30.583,1679
0375,1,4,2,2,4,4,1,30.984,1872
0376,1,4,2,2,4,4,2,31.801,1824
0377,1,4,2,2,4,4,4,31.837,1822
0378,1,4,2,4,1,1,1,30.649,1549
0379,1,4,2,4,1,1,2,31.574,1563
0380,1,4,2,4,1,1,4,30.457,1602
0381,1,4,2,4,1,2,1,29.982,1614
0382,1,4,2,4,1,2,2,29.639,1566
0383,1,4,2,4,1,2,4,30.699,1652
0384,1,4,2,4,1,4,1,30.533,1817
0385,1,4,2,4,1,4,2,30.754,1729
0386,1,4,2,4,1,4,4,30.109,1786
0387,1,4,2,4,2,1,1,27.766,1683
0388,1,4,2,4,2,1,2,27.577,1659
0389,1,4,2,4,2,1,4,26.917,1683
0390,1,4,2,4,2,2,1,27.093,1768
0391,1,4,2,4,2,2,2,28.518,1748
0392,1,4,2,4,2,2,4,27.586,1787
0393,1,4,2,4,2,4,1,28.215,1888
0394,1,4,2,4,2,4,2,27.494,1889
0395,1,4,2,4,2,4,4,27.550,1874
0396,1,4,2,4,4,1,1,30.294,1825
0397,1,4,2,4,4,1,2,28.686,1783
0398,1,4,2,4,4,1,4,28.963,1775
0399,1,4,2,4,4,2,1,29.360,1909
0400,1,4,2,4,4,2,2,29.769,1892
0401,1,4,2,4,4,2,4,29.149,1890
0402,1,4,2,4,4,4,1,29.465,1971
0403,1,4,2,4,4,4,2,28.972,2046
0404,1,4,2,4,4,4,4,28.862,1993
0405,1,4,4,1,1,1,1,36.115,1223
0406,1,4,4,1,1,1,2,36.624,1241
0407,1,4,4,1,1,1,4,36.577,1213
0408,1,4,4,1,1,2,1,37.717,1330
0409,1,4,4,1,1,2,2,36.319,1310
0410,1,4,4,1,1,2,4,36.538,1297
0411,1,4,4,1,1,4,1,36.831,1460
0412,1,4,4,1,1,4,2,36.420,1431
0413,1,4,4,1,1,4,4,35.818,1429
0414,1,4,4,1,2,1,1,34.380,1274
0415,1,4,4,1,2,1,2,35.909,1311
0416,1,4,4,1,2,1,4,35.634,1269
0417,1,4,4,1,2,2,1,35.279,1398
0418,1,4,4,1,2,2,2,35.920,1359
0419,1,4,4,1,2,2,4,35.426,1310
0420,1,4,4,1,2,4,1,34.650,1477
0421,1,4,4,1,2,4,2,36.799,1491
0422,1,4,4,1,2,4,4,34.478,1504
0423,1,4,4,1,4,1,1,34.860,1344
0424,1,4,4,1,4,1,2,34.345,1347
0425,1,4,4,1,4,1,4,34.401,1306
0426,1,4,4,1,4,2,1,35.378,1449
0427,1,4,4,1,4,2,2,34.204,1380
0428,1,4,4,1,4,2,4,35.437,1477
0429,1,4,4,1,4,4,1,34.429,1574
0430,1,4,4,1,4,4,2,34.646,1572
0431,1,4,4,1,4,4,4,34.960,1569
0432,1,4,4,2,1,1,1,34.026,1389
0433,1,4,4,2,1,1,2,33.427,1380
0434,1,4,4,2,1,1,4,34.057,1354
0435,1,4,4,2,1,2,1,33.596,1438
0436,1,4,4,2,1,2,2,34.415,1454
0437,1,4,4,2,1,2,4,33.809,1493
0438,1,4,4,2,1,4,1,34.238,1562
0439,1,4,4,2,1,4,2,34.050,1636
0440,1,4,4,2,1,4,4,33.880,1515
0441,1,4,4,2,2,1,1,31.451,1390
0442,1,4,4,2,2,1,2,31.347,1410
0443,1,4,4,2,2,1,4,31.612,1385
0444,1,4,4,2,2,2,1,31.683,1503
0445,1,4,4,2,2,2,2,31.536,1491
0446,1,4,4,2,2,2,4,31.226,1514
0447,1,4,4,2,2,4,1,32.129,1633
0448,1,4,4,2,2,4,2,30.914,1597
0449,1,4,4,2,2,4,4,30.641,1608
0450,1,4,4,2,4,1,1,32.214,1721
0451,1,4,4,2,4,1,2,31.595,1643
0452,1,4,4,2,4,1,4,31.751,1685
0453,1,4,4,2,4,2,1,32.083,1748
0454,1,4,4,2,4,2,2,31.472,1750
0455,1,4,4,2,4,2,4,31.226,1761
0456,1,4,4,2,4,4,1,31.769,1830
0457,1,4,4,2,4,4,2,31.870,1850
0458,1,4,4,2,4,4,4,31.425,1831
0459,1,4,4,4,1,1,1,29.559,1585
0460,1,4,4,4,1,1,2,32.068,1567
0461,1,4,4,4,1,1,4,31.367,1571
0462,1,4,4,4,1,2,1,31.203,1680
0463,1,4,4,4,1,2,2,31.223,1646
0464,1,4,4,4,1,2,4,31.460,1768
0465,1,4,4,4,1,4,1,30.531,1827
0466,1,4,4,4,1,4,2,30.990,1830
0467,1,4,4,4,1,4,4,30.080,1819
0468,1,4,4,4,2,1,1,27.599,1728
0469,1,4,4,4,2,1,2,27.117,1706
0470,1,4,4,4,2,1,4,27.617,1772
0471,1,4,4,4,2,2,1,27.215,1806
0472,1,4,4,4,2,2,2,26.894,1762
0473,1,4,4,4,2,2,4,27.850,1794
0474,1,4,4,4,2,4,1,27.348,1853
0475,1,4,4,4,2,4,2,27.331,1910
0476,1,4,4,4,2,4,4,27.777,1865
0477,1,4,4,4,4,1,1,29.477,1840
0478,1,4,4,4,4,1,2,28.960,1841
0481,1,4,4,4,4,2,2,29.350,1913
0482,1,4,4,4,4,2,4,29.751,1940
0483,1,4,4,4,4,4,1,28.576,1992
0484,1,4,4,4,4,4,2,29.131,2034
0485,1,4,4,4,4,4,4,29.007,2004
0486,1,16,1,1,1,1,1,33.806,2320
0487,1,16,1,1,1,1,2,33.704,2222
0489,1,16,1,1,1,2,1,33.383,2553
0490,1,16,1,1,1,2,2,32.282,2507
0491,1,16,1,1,1,2,4,33.270,2518
0492,1,16,1,1,1,4,1,32.462,2828
0493,1,16,1,1,1,4,2,33.065,2826
0494,1,16,1,1,1,4,4,32.355,2951
0495,1,16,1,1,2,1,1,31.414,2315
0496,1,16,1,1,2,1,2,32.020,2313
0497,1,16,1,1,2,1,4,32.264,2268
0498,1,16,1,1,2,2,1,32.499,2580
0499,1,16,1,1,2,2,2,31.189,2624
0500,1,16,1,1,2,2,4,32.641,2610
0501,1,16,1,1,2,4,1,30.565,3034
0502,1,16,1,1,2,4,2,32.480,2899
0503,1,16,1,1,2,4,4,32.337,2946
0504,1,16,1,1,4,1,1,33.467,2553
0505,1,16,1,1,4,1,2,33.790,2384
0506,1,16,1,1,4,1,4,32.675,2433
0507,1,16,1,1,4,2,1,33.189,2609
0508,1,16,1,1,4,2,2,32.979,2628
0509,1,16,1,1,4,2,4,33.068,2718
0510,1,16,1,1,4,4,1,33.608,2971
0511,1,16,1,1,4,4,2,34.227,2992
0512,1,16,1,1,4,4,4,34.048,2959
0513,1,16,1,2,1,1,1,29.645,2517
0514,1,16,1,2,1,1,2,29.968,2411
0515,1,16,1,2,1,1,4,30.500,2467
0516,1,16,1,2,1,2,1,30.110,2831
0520,1,16,1,2,1,4,2,29.090,3113
0522,1,16,1,2,2,1,1,29.366,2630
0523,1,16,1,2,2,1,2,29.424,2554
0526,1,16,1,2,2,2,2,28.625,2871
0531,1,16,1,2,4,1,1,27.950,2953
0532,1,16,1,2,4,1,2,28.615,2910
0533,1,16,1,2,4,1,4,29.061,2930
0540,1,16,1,4,1,1,1,28.646,2854
0549,1,16,1,4,2,1,1,26.416,3032
0559,1,16,1,4,4,1,2,26.083,3296
0567,1,16,2,1,1,1,1,32.635,2357
0568,1,16,2,1,1,1,2,31.736,2236
0569,1,16,2,1,1,1,4,33.001,2187
0570,1,16,2,1,1,2,1,33.602,2592
0571,1,16,2,1,1,2,2,32.970,2590
0572,1,16,2,1,1,2,4,33.710,2649
0573,1,16,2,1,1,4,1,32.560,2969
0574,1,16,2,1,1,4,2,33.247,2894
0575,1,16,2,1,1,4,4,33.055,2900
0576,1,16,2,1,2,1,1,30.948,2464
0577,1,16,2,1,2,1,2,32.325,2293
0578,1,16,2,1,2,1,4,31.982,2273
0579,1,16,2,1,2,2,1,32.447,2656
0580,1,16,2,1,2,2,2,31.734,2681
0581,1,16,2,1,2,2,4,31.195,2645
0582,1,16,2,1,2,4,1,32.276,2949
0583,1,16,2,1,2,4,2,32.267,3022
0584,1,16,2,1,2,4,4,30.839,2975
0585,1,16,2,1,4,1,1,33.008,2562
0586,1,16,2,1,4,1,2,32.979,2394
0587,1,16,2,1,4,1,4,33.357,2462
0588,1,16,2,1,4,2,1,33.556,2767
0589,1,16,2,1,4,2,2,34.166,2767
0590,1,16,2,1,4,2,4,34.357,2715
0591,1,16,2,1,4,4,1,34.068,3072
0592,1,16,2,1,4,4,2,33.896,3035
0593,1,16,2,1,4,4,4,34.447,3050
0595,1,16,2,2,1,1,2,30.102,2584
0597,1,16,2,2,1,2,1,29.714,2829
0598,1,16,2,2,1,2,2,30.352,2789
0600,1,16,2,2,1,4,1,29.984,3135
0603,1,16,2,2,2,1,1,28.419,2612
0605,1,16,2,2,2,1,4,27.602,2632
0607,1,16,2,2,2,2,2,29.688,2958
0614,1,16,2,2,4,1,4,28.393,2997
0648,1,16,4,1,1,1,1,33.122,2449
0649,1,16,4,1,1,1,2,33.536,2343
0650,1,16,4,1,1,1,4,33.707,2354
0651,1,16,4,1,1,2,1,32.185,2644
0652,1,16,4,1,1,2,2,32.995,2731
0653,1,16,4,1,1,2,4,32.960,2669
0654,1,16,4,1,1,4,1,31.669,3050
0655,1,16,4,1,1,4,2,32.468,2931
0656,1,16,4,1,1,4,4,32.499,2933
0657,1,16,4,1,2,1,1,30.497,2482
0658,1,16,4,1,2,1,2,32.122,2387
0659,1,16,4,1,2,1,4,31.527,2383
0660,1,16,4,1,2,2,1,32.604,2699
0661,1,16,4,1,2,2,2,31.492,2705
0662,1,16,4,1,2,2,4,30.950,2704
0663,1,16,4,1,2,4,1,31.875,3035
0664,1,16,4,1,2,4,2,32.976,2950
0665,1,16,4,1,2,4,4,32.002,2929
0666,1,16,4,1,4,1,1,32.992,2559
0667,1,16,4,1,4,1,2,32.110,2484
0668,1,16,4,1,4,1,4,32.725,2521
0669,1,16,4,1,4,2,1,32.866,2784
0670,1,16,4,1,4,2,2,33.556,2781
0671,1,16,4,1,4,2,4,32.607,2844
0672,1,16,4,1,4,4,1,33.830,3072
0673,1,16,4,1,4,4,2,34.186,3069
0674,1,16,4,1,4,4,4,33.836,3110
0675,1,16,4,2,1,1,1,30.012,2702
0676,1,16,4,2,1,1,2,30.099,2642
0677,1,16,4,2,1,1,4,30.781,2629
0678,1,16,4,2,1,2,1,29.279,2946
0681,1,16,4,2,1,4,1,29.374,3172
0729,4,1,1,1,1,1,1,36.354,935
0730,4,1,1,1,1,1,2,36.765,872
0731,4,1,1,1,1,1,4,35.507,942
0732,4,1,1,1,1,2,1,35.707,896
0733,4,1,1,1,1,2,2,36.510,869
0734,4,1,1,1,1,2,4,35.894,888
0735,4,1,1,1,1,4,1,35.703,959
0736,4,1,1,1,1,4,2,37.670,951
0737,4,1,1,1,1,4,4,35.302,971
0738,4,1,1,1,2,1,1,35.894,895
0739,4,1,1,1,2,1,2,35.601,891
0740,4,1,1,1,2,1,4,36.110,867
0741,4,1,1,1,2,2,1,35.685,912
0742,4,1,1,1,2,2,2,36.215,895
0743,4,1,1,1,2,2,4,35.931,939
0744,4,1,1,1,2,4,1,35.707,982
0745,4,1,1,1,2,4,2,35.641,1022
0746,4,1,1,1,2,4,4,36.710,1009
0747,4,1,1,1,4,1,1,35.370,950
0748,4,1,1,1,4,1,2,36.298,973
0749,4,1,1,1,4,1,4,36.948,940
0750,4,1,1,1,4,2,1,35.795,1010
0751,4,1,1,1,4,2,2,35.503,1006
0752,4,1,1,1,4,2,4,36.249,992
0753,4,1,1,1,4,4,1,35.795,1130
0754,4,1,1,1,4,4,2,36.549,1103
0755,4,1,1,1,4,4,4,37.085,1060
0756,4,1,1,2,1,1,1,35.652,1056
0757,4,1,1,2,1,1,2,35.131,941
0758,4,1,1,2,1,1,4,35.138,944
0759,4,1,1,2,1,2,1,36.106,978
0760,4,1,1,2,1,2,2,36.404,943
0761,4,1,1,2,1,2,4,36.408,939
0762,4,1,1,2,1,4,1,35.381,1057
0763,4,1,1,2,1,4,2,36.264,1016
0764,4,1,1,2,1,4,4,35.806,1012
0765,4,1,1,2,2,1,1,34.976,1057
0766,4,1,1,2,2,1,2,33.905,1026
0767,4,1,1,2,2,1,4,34.722,1014
0768,4,1,1,2,2,2,1,33.786,1047
0769,4,1,1,2,2,2,2,34.666,1194
0770,4,1,1,2,2,2,4,33.166,1079
0771,4,1,1,2,2,4,1,34.447,1186
0772,4,1,1,2,2,4,2,33.555,1173
0773,4,1,1,2,2,4,4,33.816,1120
0774,4,1,1,2,4,1,1,33.328,1116
0775,4,1,1,2,4,1,2,33.315,1118
0776,4,1,1,2,4,1,4,34.801,1117
0777,4,1,1,2,4,2,1,33.750,1165
0778,4,1,1,2,4,2,2,33.106,1151
0779,4,1,1,2,4,2,4,34.054,1121
0780,4,1,1,2,4,4,1,33.350,1258
0781,4,1,1,2,4,4,2,33.385,1280
0782,4,1,1,2,4,4,4,33.510,1240
0783,4,1,1,4,1,1,1,34.749,1104
0784,4,1,1,4,1,1,2,34.899,1098
0785,4,1,1,4,1,1,4,35.064,1046
0786,4,1,1,4,1,2,1,34.868,1086
0787,4,1,1,4,1,2,2,33.443,1130
0788,4,1,1,4,1,2,4,33.924,1159
0789,4,1,1,4,1,4,1,35.149,1169
0790,4,1,1,4,1,4,2,34.920,1193
0791,4,1,1,4,1,4,4,35.298,1180
0792,4,1,1,4,2,1,1,31.157,1243
0793,4,1,1,4,2,1,2,30.436,1275
0794,4,1,1,4,2,1,4,31.173,1192
0795,4,1,1,4,2,2,1,31.037,1278
0796,4,1,1,4,2,2,2,31.418,1310
0797,4,1,1,4,2,2,4,31.168,1266
0798,4,1,1,4,2,4,1,31.229,1378
0799,4,1,1,4,2,4,2,30.535,1383
0800,4,1,1,4,2,4,4,30.870,1430
0801,4,1,1,4,4,1,1,31.438,1309
0802,4,1,1,4,4,1,2,30.612,1300
0803,4,1,1,4,4,1,4,31.514,1319
0804,4,1,1,4,4,2,1,31.370,1330
0805,4,1,1,4,4,2,2,30.521,1331
0806,4,1,1,4,4,2,4,30.040,1320
0807,4,1,1,4,4,4,1,30.848,1431
0808,4,1,1,4,4,4,2,30.941,1497
0809,4,1,1,4,4,4,4,30.465,1395
0810,4,1,2,1,1,1,1,35.681,956
0811,4,1,2,1,1,1,2,36.664,877
0812,4,1,2,1,1,1,4,36.102,862
0813,4,1,2,1,1,2,1,35.442,909
0814,4,1,2,1,1,2,2,37.436,907
0815,4,1,2,1,1,2,4,36.249,909
0816,4,1,2,1,1,4,1,36.072,987
0817,4,1,2,1,1,4,2,37.085,978
0818,4,1,2,1,1,4,4,35.460,967
0819,4,1,2,1,2,1,1,37.752,904
0820,4,1,2,1,2,1,2,36.710,920
0821,4,1,2,1,2,1,4,36.430,901
0822,4,1,2,1,2,2,1,36.975,951
0823,4,1,2,1,2,2,2,36.076,956
0824,4,1,2,1,2,2,4,36.054,951
0825,4,1,2,1,2,4,1,36.637,1099
0826,4,1,2,1,2,4,2,36.526,1021
0827,4,1,2,1,2,4,4,37.062,1025
0828,4,1,2,1,4,1,1,36.140,972
0829,4,1,2,1,4,1,2,36.545,1000
0830,4,1,2,1,4,1,4,37.058,1007
0831,4,1,2,1,4,2,1,35.868,1012
0832,4,1,2,1,4,2,2,36.218,1020
0833,4,1,2,1,4,2,4,36.035,1012
0834,4,1,2,1,4,4,1,35.608,1091
0835,4,1,2,1,4,4,2,36.301,1119
0836,4,1,2,1,4,4,4,35.699,1077
0837,4,1,2,2,1,1,1,35.909,963
0838,4,1,2,2,1,1,2,35.499,957
0839,4,1,2,2,1,1,4,35.696,980
0840,4,1,2,2,1,2,1,35.677,962
0841,4,1,2,2,1,2,2,35.961,997
0842,4,1,2,2,1,2,4,36.553,977
0843,4,1,2,2,1,4,1,36.286,1100
0844,4,1,2,2,1,4,2,35.681,1101
0845,4,1,2,2,1,4,4,36.423,1069
0846,4,1,2,2,2,1,1,32.903,1025
0847,4,1,2,2,2,1,2,33.157,1085
0848,4,1,2,2,2,1,4,33.607,1081
0849,4,1,2,2,2,2,1,33.514,1081
0850,4,1,2,2,2,2,2,33.948,1123
0851,4,1,2,2,2,2,4,33.408,1105
0852,4,1,2,2,2,4,1,33.408,1198
0853,4,1,2,2,2,4,2,33.855,1196
0854,4,1,2,2,2,4,4,34.457,1203
0855,4,1,2,2,4,1,1,33.711,1142
0856,4,1,2,2,4,1,2,32.875,1149
0857,4,1,2,2,4,1,4,32.813,1102
0858,4,1,2,2,4,2,1,33.809,1204
0859,4,1,2,2,4,2,2,33.191,1216
0860,4,1,2,2,4,2,4,33.685,1205
0861,4,1,2,2,4,4,1,34.100,1296
0862,4,1,2,2,4,4,2,33.539,1289
0863,4,1,2,2,4,4,4,34.114,1295
0864,4,1,2,4,1,1,1,34.591,1131
0865,4,1,2,4,1,1,2,34.325,1096
0866,4,1,2,4,1,1,4,34.529,1113
0867,4,1,2,4,1,2,1,34.923,1140
0868,4,1,2,4,1,2,2,34.722,1130
0869,4,1,2,4,1,2,4,34.822,1168
0870,4,1,2,4,1,4,1,34.642,1243
0871,4,1,2,4,1,4,2,34.396,1237
0872,4,1,2,4,1,4,4,34.492,1188
0873,4,1,2,4,2,1,1,30.783,1280
0874,4,1,2,4,2,1,2,31.079,1259
0875,4,1,2,4,2,1,4,30.875,1311
0876,4,1,2,4,2,2,1,31.176,1313
0877,4,1,2,4,2,2,2,30.969,1322
0878,4,1,2,4,2,2,4,31.680,1350
0879,4,1,2,4,2,4,1,30.594,1431
0880,4,1,2,4,2,4,2,31.015,1367
0881,4,1,2,4,2,4,4,30.404,1368
0882,4,1,2,4,4,1,1,30.944,1342
0883,4,1,2,4,4,1,2,31.808,1337
0884,4,1,2,4,4,1,4,30.564,1329
0885,4,1,2,4,4,2,1,30.810,1306
0886,4,1,2,4,4,2,2,30.325,1339
0887,4,1,2,4,4,2,4,30.947,1345
0888,4,1,2,4,4,4,1,30.903,1432
0889,4,1,2,4,4,4,2,30.484,1457
0890,4,1,2,4,4,4,4,31.367,1436
0891,4,1,4,1,1,1,1,36.264,983
0892,4,1,4,1,1,1,2,36.963,967
0893,4,1,4,1,1,1,4,38.707,948
0894,4,1,4,1,1,2,1,37.093,955
0895,4,1,4,1,1,2,2,37.699,940
0896,4,1,4,1,1,2,4,36.537,962
0897,4,1,4,1,1,4,1,35.568,997
0898,4,1,4,1,1,4,2,37.411,1011
0899,4,1,4,1,1,4,4,36.599,976
0900,4,1,4,1,2,1,1,36.106,932
0901,4,1,4,1,2,1,2,36.449,965
0902,4,1,4,1,2,1,4,35.953,997
0903,4,1,4,1,2,2,1,35.887,995
0904,4,1,4,1,2,2,2,36.434,1005
0905,4,1,4,1,2,2,4,37.180,966
0906,4,1,4,1,2,4,1,36.480,1070
0907,4,1,4,1,2,4,2,36.343,1079
0908,4,1,4,1,2,4,4,36.362,1056
0909,4,1,4,1,4,1,1,35.721,985
0910,4,1,4,1,4,1,2,36.354,980
0911,4,1,4,1,4,1,4,35.514,1030
0912,4,1,4,1,4,2,1,36.396,1097
0913,4,1,4,1,4,2,2,36.472,1100
0914,4,1,4,1,4,2,4,36.737,1053
0915,4,1,4,1,4,4,1,36.286,1174
0916,4,1,4,1,4,4,2,35.898,1145
0917,4,1,4,1,4,4,4,36.039,1115
0918,4,1,4,2,1,1,1,35.677,998
0919,4,1,4,2,1,1,2,36.545,985
0920,4,1,4,2,1,1,4,35.972,982
0921,4,1,4,2,1,2,1,36.622,1013
0922,4,1,4,2,1,2,2,35.337,1038
0923,4,1,4,2,1,2,4,35.579,1036
0924,4,1,4,2,1,4,1,36.358,1111
0925,4,1,4,2,1,4,2,35.612,1119
0926,4,1,4,2,1,4,4,36.870,1124
0927,4,1,4,2,2,1,1,34.050,1130
0928,4,1,4,2,2,1,2,33.741,1083
0929,4,1,4,2,2,1,4,34.829,1087
0930,4,1,4,2,2,2,1,33.261,1123
0931,4,1,4,2,2,2,2,33.898,1129
0932,4,1,4,2,2,2,4,34.522,1094
0933,4,1,4,2,2,4,1,32.826,1200
0934,4,1,4,2,2,4,2,33.047,1183
0935,4,1,4,2,2,4,4,33.255,1200
0936,4,1,4,2,4,1,1,33.692,1173
0937,4,1,4,2,4,1,2,33.816,1160
0938,4,1,4,2,4,1,4,33.274,1198
0939,4,1,4,2,4,2,1,32.931,1211
0940,4,1,4,2,4,2,2,33.462,1221
0941,4,1,4,2,4,2,4,34.464,1248
0942,4,1,4,2,4,4,1,32.888,1313
0943,4,1,4,2,4,4,2,33.191,1350
0944,4,1,4,2,4,4,4,33.472,1266
0945,4,1,4,4,1,1,1,34.605,1126
0946,4,1,4,4,1,1,2,34.393,1128
0947,4,1,4,4,1,1,4,34.906,1111
0948,4,1,4,4,1,2,1,34.635,1152
0949,4,1,4,4,1,2,2,34.329,1141
0950,4,1,4,4,1,2,4,33.382,1200
0951,4,1,4,4,1,4,1,35.156,1275
0952,4,1,4,4,1,4,2,34.622,1278
0953,4,1,4,4,1,4,4,34.812,1224
0954,4,1,4,4,2,1,1,30.914,1336
0955,4,1,4,4,2,1,2,31.339,1295
0956,4,1,4,4,2,1,4,29.763,1319
0957,4,1,4,4,2,2,1,31.381,1360
0958,4,1,4,4,2,2,2,30.870,1383
0959,4,1,4,4,2,2,4,30.396,1376
0960,4,1,4,4,2,4,1,31.129,1416
0961,4,1,4,4,2,4,2,31.090,1416
0962,4,1,4,4,2,4,4,30.230,1419
0963,4,1,4,4,4,1,1,31.353,1332
0964,4,1,4,4,4,1,2,30.969,1348
0965,4,1,4,4,4,1,4,31.134,1336
0966,4,1,4,4,4,2,1,31.146,1329
0967,4,1,4,4,4,2,2,30.602,1426
0968,4,1,4,4,4,2,4,30.569,1369
0969,4,1,4,4,4,4,1,31.409,1498
0970,4,1,4,4,4,4,2,31.486,1451
0971,4,1,4,4,4,4,4,30.734,1446
0972,4,4,1,1,1,1,1,37.990,1149
0973,4,4,1,1,1,1,2,37.820,1128
0974,4,4,1,1,1,1,4,37.713,1171
0975,4,4,1,1,1,2,1,38.246,1229
0976,4,4,1,1,1,2,2,37.335,1283
0977,4,4,1,1,1,2,4,36.843,1248
0978,4,4,1,1,1,4,1,37.783,1552
0979,4,4,1,1,1,4,2,35.745,1383
0980,4,4,1,1,1,4,4,37.832,1429
0981,4,4,1,1,2,1,1,35.971,1240
0982,4,4,1,1,2,1,2,36.594,1196
0983,4,4,1,1,2,1,4,35.860,1231
0984,4,4,1,1,2,2,1,36.792,1341
0985,4,4,1,1,2,2,2,35.804,1300
0986,4,4,1,1,2,2,4,35.904,1329
0987,4,4,1,1,2,4,1,36.421,1418
0988,4,4,1,1,2,4,2,34.952,1399
0989,4,4,1,1,2,4,4,35.514,1435
0990,4,4,1,1,4,1,1,35.315,1471
0991,4,4,1,1,4,1,2,35.908,1333
0992,4,4,1,1,4,1,4,34.924,1388
0993,4,4,1,1,4,2,1,34.970,1341
0994,4,4,1,1,4,2,2,34.878,1346
0995,4,4,1,1,4,2,4,35.222,1400
0996,4,4,1,1,4,4,1,35.315,1526
0997,4,4,1,1,4,4,2,35.326,1488
0998,4,4,1,1,4,4,4,35.554,1491
0999,4,4,1,2,1,1,1,34.892,1329
1000,4,4,1,2,1,1,2,33.571,1359
1001,4,4,1,2,1,1,4,34.610,1372
1002,4,4,1,2,1,2,1,34.956,1404
1003,4,4,1,2,1,2,2,34.305,1393
1004,4,4,1,2,1,2,4,33.705,1435
1005,4,4,1,2,1,4,1,35.272,1512
1006,4,4,1,2,1,4,2,34.336,1562
1007,4,4,1,2,1,4,4,35.359,1529
1008,4,4,1,2,2,1,1,32.510,1313
1009,4,4,1,2,2,1,2,32.367,1454
1010,4,4,1,2,2,1,4,33.412,1388
1011,4,4,1,2,2,2,1,31.932,1395
1012,4,4,1,2,2,2,2,32.682,1453
1013,4,4,1,2,2,2,4,32.304,1483
1014,4,4,1,2,2,4,1,32.614,1561
1015,4,4,1,2,2,4,2,31.713,1540
1016,4,4,1,2,2,4,4,32.035,1569
1017,4,4,1,2,4,1,1,32.648,1629
1018,4,4,1,2,4,1,2,32.053,1687
1019,4,4,1,2,4,1,4,31.629,1558
1020,4,4,1,2,4,2,1,32.130,1710
1021,4,4,1,2,4,2,2,31.829,1740
1022,4,4,1,2,4,2,4,32.011,1800
1023,4,4,1,2,4,4,1,30.945,1841
1024,4,4,1,2,4,4,2,31.701,1750
1025,4,4,1,2,4,4,4,32.208,1823
1026,4,4,1,4,1,1,1,30.534,1498
1027,4,4,1,4,1,1,2,33.223,1486
1028,4,4,1,4,1,1,4,31.568,1575
1029,4,4,1,4,1,2,1,30.940,1649
1030,4,4,1,4,1,2,2,31.431,1674
1031,4,4,1,4,1,2,4,32.214,1697
1032,4,4,1,4,1,4,1,31.678,1789
1033,4,4,1,4,1,4,2,32.513,1811
1034,4,4,1,4,1,4,4,32.223,1789
1035,4,4,1,4,2,1,1,28.073,1591
1036,4,4,1,4,2,1,2,27.879,1674
1037,4,4,1,4,2,1,4,28.071,1609
1038,4,4,1,4,2,2,1,28.010,1757
1039,4,4,1,4,2,2,2,27.915,1687
1040,4,4,1,4,2,2,4,27.868,1743
1041,4,4,1,4,2,4,1,28.661,1831
1042,4,4,1,4,2,4,2,27.787,1811
1043,4,4,1,4,2,4,4,28.171,1794
1044,4,4,1,4,4,1,1,29.565,1783
1045,4,4,1,4,4,1,2,29.791,1793
1046,4,4,1,4,4,1,4,28.732,1814
1047,4,4,1,4,4,2,1,29.781,1872
1048,4,4,1,4,4,2,2,29.669,1847
1049,4,4,1,4,4,2,4,29.738,1897
1050,4,4,1,4,4,4,1,29.687,1976
1051,4,4,1,4,4,4,2,29.125,2000
1052,4,4,1,4,4,4,4,29.897,2041
1053,4,4,2,1,1,1,1,37.923,1256
1054,4,4,2,1,1,1,2,35.841,1439
1055,4,4,2,1,1,1,4,38.742,1210
1056,4,4,2,1,1,2,1,37.701,1299
1057,4,4,2,1,1,2,2,37.754,1347
1058,4,4,2,1,1,2,4,36.440,1287
1059,4,4,2,1,1,4,1,36.483,1446
1060,4,4,2,1,1,4,2,37.127,1400
1061,4,4,2,1,1,4,4,37.919,1398
1062,4,4,2,1,2,1,1,36.398,1321
1063,4,4,2,1,2,1,2,35.348,1453
1064,4,4,2,1,2,1,4,35.233,1302
1065,4,4,2,1,2,2,1,36.387,1330
1066,4,4,2,1,2,2,2,34.952,1321
1067,4,4,2,1,2,2,4,35.427,1312
1068,4,4,2,1,2,4,1,36.785,1448
1069,4,4,2,1,2,4,2,35.968,1495
1070,4,4,2,1,2,4,4,36.219,1459
1071,4,4,2,1,4,1,1,35.258,1381
1072,4,4,2,1,4,1,2,34.963,1353
1073,4,4,2,1,4,1,4,35.126,1377
1074,4,4,2,1,4,2,1,35.351,1387
1075,4,4,2,1,4,2,2,35.323,1433
1076,4,4,2,1,4,2,4,34.885,1442
1077,4,4,2,1,4,4,1,35.122,1517
1078,4,4,2,1,4,4,2,35.251,1625
1079,4,4,2,1,4,4,4,36.072,1522
1080,4,4,2,2,1,1,1,34.728,1412
1081,4,4,2,2,1,1,2,34.843,1348
1082,4,4,2,2,1,1,4,34.718,1563
1083,4,4,2,2,1,2,1,34.579,1395
1084,4,4,2,2,1,2,2,34.455,1394
1085,4,4,2,2,1,2,4,35.016,1434
1086,4,4,2,2,1,4,1,34.614,1613
1087,4,4,2,2,1,4,2,32.400,1596
1088,4,4,2,2,1,4,4,35.240,1610
1089,4,4,2,2,2,1,1,32.880,1354
1090,4,4,2,2,2,1,2,30.993,1388
1091,4,4,2,2,2,1,4,32.118,1455
1092,4,4,2,2,2,2,1,32.553,1452
1093,4,4,2,2,2,2,2,32.428,1527
1094,4,4,2,2,2,2,4,31.695,1532
1095,4,4,2,2,2,4,1,32.743,1589
1096,4,4,2,2,2,4,2,31.841,1609
1097,4,4,2,2,2,4,4,32.917,1606
1098,4,4,2,2,4,1,1,32.151,1698
1099,4,4,2,2,4,1,2,32.413,1686
1100,4,4,2,2,4,1,4,31.973,1679
1101,4,4,2,2,4,2,1,32.250,1691
1102,4,4,2,2,4,2,2,31.545,1748
1103,4,4,2,2,4,2,4,32.133,1765
1104,4,4,2,2,4,4,1,31.856,1862
1105,4,4,2,2,4,4,2,31.531,1837
1106,4,4,2,2,4,4,4,31.411,1819
1107,4,4,2,4,1,1,1,30.328,1596
1108,4,4,2,4,1,1,2,32.626,1528
1109,4,4,2,4,1,1,4,32.993,1640
1110,4,4,2,4,1,2,1,32.534,1670
1111,4,4,2,4,1,2,2,31.317,1699
1112,4,4,2,4,1,2,4,32.367,1739
1113,4,4,2,4,1,4,1,30.970,1755
1114,4,4,2,4,1,4,2,30.138,1771
1115,4,4,2,4,1,4,4,30.998,1757
1116,4,4,2,4,2,1,1,27.843,1598
1117,4,4,2,4,2,1,2,27.859,1721
1118,4,4,2,4,2,1,4,27.837,1683
1119,4,4,2,4,2,2,1,28.135,1802
1120,4,4,2,4,2,2,2,28.722,1821
1121,4,4,2,4,2,2,4,27.503,1771
1122,4,4,2,4,2,4,1,27.599,1926
1123,4,4,2,4,2,4,2,27.626,1903
1124,4,4,2,4,2,4,4,28.208,1902
1125,4,4,2,4,4,1,1,29.074,1850
1126,4,4,2,4,4,1,2,29.935,1808
1127,4,4,2,4,4,1,4,29.419,1810
1128,4,4,2,4,4,2,1,29.362,1902
1130,4,4,2,4,4,2,4,29.429,1888
1131,4,4,2,4,4,4,1,30.566,2058
1132,4,4,2,4,4,4,2,28.775,2018
1133,4,4,2,4,4,4,4,28.883,2022
1134,4,4,4,1,1,1,1,36.548,1250
1135,4,4,4,1,1,1,2,38.216,1279
1136,4,4,4,1,1,1,4,37.384,1268
1137,4,4,4,1,1,2,1,36.997,1403
1138,4,4,4,1,1,2,2,38.140,1337
1139,4,4,4,1,1,2,4,38.254,1288
1140,4,4,4,1,1,4,1,37.493,1439
1141,4,4,4,1,1,4,2,38.032,1441
1142,4,4,4,1,1,4,4,36.808,1470
1143,4,4,4,1,2,1,1,36.364,1283
1144,4,4,4,1,2,1,2,36.502,1301
1145,4,4,4,1,2,1,4,35.749,1310
1146,4,4,4,1,2,2,1,36.318,1396
1147,4,4,4,1,2,2,2,35.949,1391
1148,4,4,4,1,2,2,4,35.355,1390
1149,4,4,4,1,2,4,1,36.583,1544
1150,4,4,4,1,2,4,2,36.387,1492
1151,4,4,4,1,2,4,4,35.716,1473
1152,4,4,4,1,4,1,1,35.431,1319
1153,4,4,4,1,4,1,2,35.413,1439
1154,4,4,4,1,4,1,4,35.631,1360
1155,4,4,4,1,4,2,1,34.998,1527
1156,4,4,4,1,4,2,2,35.312,1505
1157,4,4,4,1,4,2,4,35.333,1500
1158,4,4,4,1,4,4,1,34.935,1587
1159,4,4,4,1,4,4,2,35.037,1663
1160,4,4,4,1,4,4,4,36.437,1619
1161,4,4,4,2,1,1,1,34.966,1415
1162,4,4,4,2,1,1,2,34.987,1410
1163,4,4,4,2,1,1,4,35.136,1394
1164,4,4,4,2,1,2,1,33.230,1473
1165,4,4,4,2,1,2,2,34.275,1505
1166,4,4,4,2,1,2,4,34.042,1510
1167,4,4,4,2,1,4,1,35.005,1627
1168,4,4,4,2,1,4,2,34.404,1604
1169,4,4,4,2,1,4,4,34.714,1576
1170,4,4,4,2,2,1,1,32.268,1432
1171,4,4,4,2,2,1,2,32.431,1419
1172,4,4,4,2,2,1,4,32.706,1458
1173,4,4,4,2,2,2,1,31.129,1517
1174,4,4,4,2,2,2,2,32.682,1465
1175,4,4,4,2,2,2,4,32.416,1532
1176,4,4,4,2,2,4,1,32.250,1637
1177,4,4,4,2,2,4,2,32.519,1653
1178,4,4,4,2,2,4,4,33.128,1618
1179,4,4,4,2,4,1,1,32.434,1685
1180,4,4,4,2,4,1,2,31.911,1711
1181,4,4,4,2,4,1,4,32.660,1707
1182,4,4,4,2,4,2,1,32.157,1741
1183,4,4,4,2,4,2,2,32.543,1808
1184,4,4,4,2,4,2,4,32.899,1810
1185,4,4,4,2,4,4,1,32.163,1909
1186,4,4,4,2,4,4,2,32.292,1881
1187,4,4,4,2,4,4,4,31.588,1887
1188,4,4,4,4,1,1,1,31.261,1659
1189,4,4,4,4,1,1,2,32.896,1632
1190,4,4,4,4,1,1,4,30.445,1519
1191,4,4,4,4,1,2,1,33.141,1699
1192,4,4,4,4,1,2,2,32.703,1682
1193,4,4,4,4,1,2,4,31.609,1741
1194,4,4,4,4,1,4,1,31.264,1839
1195,4,4,4,4,1,4,2,31.947,1852
1196,4,4,4,4,1,4,4,31.104,1837
1197,4,4,4,4,2,1,1,28.639,1663
1198,4,4,4,4,2,1,2,27.810,1778
1199,4,4,4,4,2,1,4,26.932,1731
1200,4,4,4,4,2,2,1,27.888,1794
1201,4,4,4,4,2,2,2,28.594,1803
1202,4,4,4,4,2,2,4,27.710,1745
1203,4,4,4,4,2,4,1,27.582,1893
1204,4,4,4,4,2,4,2,28.261,1877
1205,4,4,4,4,2,4,4,27.525,1961
1206,4,4,4,4,4,1,1,28.720,1866
1207,4,4,4,4,4,1,2,29.646,1827
1208,4,4,4,4,4,1,4,29.522,1849
1209,4,4,4,4,4,2,1,29.951,1935
1210,4,4,4,4,4,2,2,29.628,1924
1211,4,4,4,4,4,2,4,29.987,1950
1212,4,4,4,4,4,4,1,29.643,1992
1213,4,4,4,4,4,4,2,28.897,2066
1214,4,4,4,4,4,4,4,29.444,2064
1215,4,16,1,1,1,1,1,34.182,2389
1216,4,16,1,1,1,1,2,33.748,2318
1217,4,16,1,1,1,1,4,34.189,2384
1218,4,16,1,1,1,2,1,33.574,2659
1219,4,16,1,1,1,2,2,33.980,2678
1220,4,16,1,1,1,2,4,33.133,2586
1221,4,16,1,1,1,4,1,33.644,2946
1222,4,16,1,1,1,4,2,33.580,2911
1223,4,16,1,1,1,4,4,33.347,2993
1224,4,16,1,1,2,1,1,32.728,2420
1225,4,16,1,1,2,1,2,31.982,2429
1226,4,16,1,1,2,1,4,33.417,2347
1227,4,16,1,1,2,2,1,33.319,2650
1228,4,16,1,1,2,2,2,32.962,2715
1229,4,16,1,1,2,2,4,32.456,2718
1230,4,16,1,1,2,4,1,33.208,3033
1231,4,16,1,1,2,4,2,32.628,2962
1232,4,16,1,1,2,4,4,33.548,2964
1233,4,16,1,1,4,1,1,33.728,2546
1234,4,16,1,1,4,1,2,33.944,2361
1235,4,16,1,1,4,1,4,33.686,2433
1236,4,16,1,1,4,2,1,35.081,2774
1237,4,16,1,1,4,2,2,33.937,2805
1238,4,16,1,1,4,2,4,33.243,2768
1239,4,16,1,1,4,4,1,34.390,3054
1240,4,16,1,1,4,4,2,33.452,3094
1241,4,16,1,1,4,4,4,33.787,3050
1242,4,16,1,2,1,1,1,30.126,2695
1243,4,16,1,2,1,1,2,30.482,2454
1245,4,16,1,2,1,2,1,29.859,2907
1246,4,16,1,2,1,2,2,31.323,2943
1247,4,16,1,2,1,2,4,30.722,2921
1250,4,16,1,2,1,4,4,30.706,3149
1251,4,16,1,2,2,1,1,29.788,2700
1253,4,16,1,2,2,1,4,28.749,2607
1254,4,16,1,2,2,2,1,29.505,3004
1255,4,16,1,2,2,2,2,30.191,2990
1260,4,16,1,2,4,1,1,29.776,3067
1264,4,16,1,2,4,2,2,27.761,3370
1265,4,16,1,2,4,2,4,27.797,3390
1296,4,16,2,1,1,1,1,33.183,2520
1297,4,16,2,1,1,1,2,33.287,2381
1298,4,16,2,1,1,1,4,35.264,2420
1299,4,16,2,1,1,2,1,33.255,2767
1300,4,16,2,1,1,2,2,32.453,2665
1301,4,16,2,1,1,2,4,33.957,2675
1302,4,16,2,1,1,4,1,34.112,2980
1303,4,16,2,1,1,4,2,33.414,3034
1304,4,16,2,1,1,4,4,34.447,2977
1305,4,16,2,1,2,1,1,33.836,2475
1306,4,16,2,1,2,1,2,32.202,2457
1307,4,16,2,1,2,1,4,32.182,2416
1308,4,16,2,1,2,2,1,33.625,2790
1309,4,16,2,1,2,2,2,34.461,2716
1310,4,16,2,1,2,2,4,31.985,2723
1311,4,16,2,1,2,4,1,31.901,3038
1312,4,16,2,1,2,4,2,32.999,3089
1313,4,16,2,1,2,4,4,32.931,2957
1314,4,16,2,1,4,1,1,34.457,2570
1315,4,16,2,1,4,1,2,34.692,2442
1316,4,16,2,1,4,1,4,34.440,2486
1317,4,16,2,1,4,2,1,34.566,2847
1318,4,16,2,1,4,2,2,33.868,2920
1319,4,16,2,1,4,2,4,33.954,2793
1320,4,16,2,1,4,4,1,34.342,3156
1321,4,16,2,1,4,4,2,34.109,3198
1322,4,16,2,1,4,4,4,33.525,3149
1323,4,16,2,2,1,1,1,31.054,2704
1324,4,16,2,2,1,1,2,29.693,2699
1326,4,16,2,2,1,2,1,30.214,2979
1328,4,16,2,2,1,2,4,30.811,2829
1330,4,16,2,2,1,4,2,31.379,3233
1332,4,16,2,2,2,1,1,30.154,2739
1333,4,16,2,2,2,1,2,30.887,2672
1345,4,16,2,2,4,2,2,29.360,3412
1377,4,16,4,1,1,1,1,34.997,2565
1378,4,16,4,1,1,1,2,34.023,2441
1379,4,16,4,1,1,1,4,33.174,2464
1380,4,16,4,1,1,2,1,33.693,2792
1381,4,16,4,1,1,2,2,33.901,2800
1382,4,16,4,1,1,2,4,33.767,2746
1383,4,16,4,1,1,4,1,33.183,3038
1384,4,16,4,1,1,4,2,32.381,3027
1385,4,16,4,1,1,4,4,33.872,3083
1386,4,16,4,1,2,1,1,34.593,2671
1387,4,16,4,1,2,1,2,33.360,2457
1388,4,16,4,1,2,1,4,33.813,2522
1389,4,16,4,1,2,2,1,32.774,2848
1390,4,16,4,1,2,2,2,32.185,2898
1391,4,16,4,1,2,2,4,32.713,2750
1392,4,16,4,1,2,4,1,32.618,3162
1393,4,16,4,1,2,4,2,32.510,3180
1394,4,16,4,1,2,4,4,33.309,2983
1395,4,16,4,1,4,1,1,33.202,2735
1396,4,16,4,1,4,1,2,35.032,2588
1397,4,16,4,1,4,1,4,34.569,2563
1398,4,16,4,1,4,2,1,34.847,2931
1399,4,16,4,1,4,2,2,33.836,2924
1400,4,16,4,1,4,2,4,34.430,2880
1401,4,16,4,1,4,4,1,33.049,3363
1402,4,16,4,1,4,4,2,33.493,3232
1403,4,16,4,1,4,4,4,34.624,3111
1404,4,16,4,2,1,1,1,30.522,2747
1406,4,16,4,2,1,1,4,30.082,2688
1407,4,16,4,2,1,2,1,31.170,3114
1408,4,16,4,2,1,2,2,30.049,3119
1423,4,16,4,2,4,1,2,28.165,3174
1424,4,16,4,2,4,1,4,29.342,3143
1458,16,1,1,1,1,1,1,35.204,897
1459,16,1,1,1,1,1,2,37.800,903
1460,16,1,1,1,1,1,4,36.623,904
1461,16,1,1,1,1,2,1,36.719,968
1462,16,1,1,1,1,2,2,36.849,947
1463,16,1,1,1,1,2,4,35.427,952
1464,16,1,1,1,1,4,1,37.102,1027
1465,16,1,1,1,1,4,2,36.896,1019
1466,16,1,1,1,1,4,4,37.963,1018
1467,16,1,1,1,2,1,1,37.157,958
1468,16,1,1,1,2,1,2,37.307,953
1469,16,1,1,1,2,1,4,36.799,972
1470,16,1,1,1,2,2,1,35.777,1019
1471,16,1,1,1,2,2,2,36.985,991
1472,16,1,1,1,2,2,4,36.026,1025
1473,16,1,1,1,2,4,1,36.520,1114
1474,16,1,1,1,2,4,2,36.654,1093
1475,16,1,1,1,2,4,4,36.596,1059
1476,16,1,1,1,4,1,1,36.242,1087
1477,16,1,1,1,4,1,2,35.410,1026
1478,16,1,1,1,4,1,4,36.719,1043
1479,16,1,1,1,4,2,1,36.145,1100
1480,16,1,1,1,4,2,2,37.102,1072
1481,16,1,1,1,4,2,4,35.843,1092
1482,16,1,1,1,4,4,1,35.817,1177
1483,16,1,1,1,4,4,2,36.463,1182
1484,16,1,1,1,4,4,4,36.730,1150
1485,16,1,1,2,1,1,1,36.707,1016
1486,16,1,1,2,1,1,2,35.535,1009
1487,16,1,1,2,1,1,4,36.486,1001
1488,16,1,1,2,1,2,1,37.102,1064
1489,16,1,1,2,1,2,2,36.074,1044
1490,16,1,1,2,1,2,4,36.223,1035
1491,16,1,1,2,1,4,1,37.327,1098
1492,16,1,1,2,1,4,2,36.369,1124
1493,16,1,1,2,1,4,4,36.001,1100
1494,16,1,1,2,2,1,1,34.371,1115
1495,16,1,1,2,2,1,2,34.890,1078
1496,16,1,1,2,2,1,4,34.952,1081
1497,16,1,1,2,2,2,1,34.642,1119
1498,16,1,1,2,2,2,2,33.462,1073
1499,16,1,1,2,2,2,4,35.169,1090
1500,16,1,1,2,2,4,1,33.654,1224
1501,16,1,1,2,2,4,2,33.855,1219
1502,16,1,1,2,2,4,4,34.969,1223
1503,16,1,1,2,4,1,1,33.535,1267
1504,16,1,1,2,4,1,2,33.599,1220
1505,16,1,1,2,4,1,4,33.449,1148
1506,16,1,1,2,4,2,1,33.845,1272
1507,16,1,1,2,4,2,2,34.108,1289
1508,16,1,1,2,4,2,4,33.651,1215
1509,16,1,1,2,4,4,1,33.930,1362
1510,16,1,1,2,4,4,2,33.770,1325
1511,16,1,1,2,4,4,4,33.865,1331
1512,16,1,1,4,1,1,1,35.102,1129
1513,16,1,1,4,1,1,2,34.827,1115
1514,16,1,1,4,1,1,4,34.841,1147
1515,16,1,1,4,1,2,1,35.071,1203
1516,16,1,1,4,1,2,2,35.506,1161
1517,16,1,1,4,1,2,4,35.481,1210
1518,16,1,1,4,1,4,1,33.677,1271
1519,16,1,1,4,1,4,2,34.910,1285
1520,16,1,1,4,1,4,4,35.113,1246
1521,16,1,1,4,2,1,1,31.018,1299
1522,16,1,1,4,2,1,2,30.459,1309
1523,16,1,1,4,2,1,4,30.499,1296
1524,16,1,1,4,2,2,1,31.086,1370
1525,16,1,1,4,2,2,2,31.547,1338
1526,16,1,1,4,2,2,4,30.578,1343
1527,16,1,1,4,2,4,1,30.506,1476
1528,16,1,1,4,2,4,2,30.982,1437
1529,16,1,1,4,2,4,4,31.031,1488
1530,16,1,1,4,4,1,1,31.637,1332
1531,16,1,1,4,4,1,2,31.510,1390
1532,16,1,1,4,4,1,4,31.324,1327
1533,16,1,1,4,4,2,1,31.341,1406
1534,16,1,1,4,4,2,2,30.653,1367
1535,16,1,1,4,4,2,4,31.493,1393
1536,16,1,1,4,4,4,1,31.666,1450
1537,16,1,1,4,4,4,2,31.841,1482
1538,16,1,1,4,4,4,4,31.637,1486
1539,16,1,2,1,1,1,1,35.668,959
1540,16,1,2,1,1,1,2,37.910,921
1541,16,1,2,1,1,1,4,37.244,960
1542,16,1,2,1,1,2,1,36.811,954
1543,16,1,2,1,1,2,2,36.673,971
1544,16,1,2,1,1,2,4,35.748,970
1545,16,1,2,1,1,4,1,36.448,1075
1546,16,1,2,1,1,4,2,36.486,1029
1547,16,1,2,1,1,4,4,36.935,1079
1548,16,1,2,1,2,1,1,36.985,1007
1549,16,1,2,1,2,1,2,36.056,1028
1550,16,1,2,1,2,1,4,35.647,1025
1551,16,1,2,1,2,2,1,38.995,1028
1552,16,1,2,1,2,2,2,37.434,1017
1553,16,1,2,1,2,2,4,35.752,1022
1554,16,1,2,1,2,4,1,36.703,1112
1555,16,1,2,1,2,4,2,37.335,1086
1556,16,1,2,1,2,4,4,37.319,1095
1557,16,1,2,1,4,1,1,37.016,1057
1558,16,1,2,1,4,1,2,37.378,1061
1559,16,1,2,1,4,1,4,35.879,1044
1560,16,1,2,1,4,2,1,36.130,1123
1561,16,1,2,1,4,2,2,36.456,1121
1562,16,1,2,1,4,2,4,36.130,1119
1563,16,1,2,1,4,4,1,36.573,1171
1564,16,1,2,1,4,4,2,36.231,1199
1565,16,1,2,1,4,4,4,36.004,1176
1566,16,1,2,2,1,1,1,37.208,1039
1567,16,1,2,2,1,1,2,37.141,1041
1568,16,1,2,2,1,1,4,36.452,1023
1569,16,1,2,2,1,2,1,35.956,1091
1570,16,1,2,2,1,2,2,36.328,1061
1571,16,1,2,2,1,2,4,37.530,1041
1572,16,1,2,2,1,4,1,36.433,1128
1573,16,1,2,2,1,4,2,36.426,1168
1574,16,1,2,2,1,4,4,36.049,1145
1575,16,1,2,2,2,1,1,33.574,1094
1576,16,1,2,2,2,1,2,34.398,1096
1577,16,1,2,2,2,1,4,34.765,1084
1578,16,1,2,2,2,2,1,34.071,1171
1579,16,1,2,2,2,2,2,34.354,1158
1580,16,1,2,2,2,2,4,34.862,1150
1581,16,1,2,2,2,4,1,33.973,1220
1582,16,1,2,2,2,4,2,34.540,1255
1583,16,1,2,2,2,4,4,33.793,1245
1584,16,1,2,2,4,1,1,33.526,1244
1585,16,1,2,2,4,1,2,33.754,1248
1586,16,1,2,2,4,1,4,33.770,1223
1587,16,1,2,2,4,2,1,32.904,1308
1588,16,1,2,2,4,2,2,34.065,1278
1589,16,1,2,2,4,2,4,32.831,1290
1590,16,1,2,2,4,4,1,34.274,1373
1591,16,1,2,2,4,4,2,33.354,1352
1592,16,1,2,2,4,4,4,33.187,1381
1593,16,1,2,4,1,1,1,35.521,1182
1594,16,1,2,4,1,1,2,34.540,1169
1595,16,1,2,4,1,1,4,35.141,1166
1596,16,1,2,4,1,2,1,34.543,1203
1597,16,1,2,4,1,2,2,35.253,1225
1598,16,1,2,4,1,2,4,35.074,1231
1599,16,1,2,4,1,4,1,35.310,1323
1600,16,1,2,4,1,4,2,34.432,1300
1601,16,1,2,4,1,4,4,33.209,1308
1602,16,1,2,4,2,1,1,30.763,1331
1603,16,1,2,4,2,1,2,31.657,1363
1604,16,1,2,4,2,1,4,30.589,1355
1605,16,1,2,4,2,2,1,31.048,1352
1606,16,1,2,4,2,2,2,31.194,1378
1607,16,1,2,4,2,2,4,31.789,1405
1608,16,1,2,4,2,4,1,31.322,1415
1609,16,1,2,4,2,4,2,31.023,1473
1610,16,1,2,4,2,4,4,30.496,1508
1611,16,1,2,4,4,1,1,31.338,1388
1612,16,1,2,4,4,1,2,32.443,1380
1613,16,1,2,4,4,1,4,31.428,1453
1614,16,1,2,4,4,2,1,31.213,1425
1615,16,1,2,4,4,2,2,31.141,1415
1616,16,1,2,4,4,2,4,31.760,1401
1617,16,1,2,4,4,4,1,31.092,1606
1618,16,1,2,4,4,4,2,31.283,1532
1619,16,1,2,4,4,4,4,30.440,1520
1620,16,1,4,1,1,1,1,37.248,965
1621,16,1,4,1,1,1,2,37.634,943
1622,16,1,4,1,1,1,4,38.298,942
1623,16,1,4,1,1,2,1,38.716,1009
1624,16,1,4,1,1,2,2,37.157,983
1625,16,1,4,1,1,2,4,37.347,999
1626,16,1,4,1,1,4,1,37.005,1088
1627,16,1,4,1,1,4,2,37.886,1075
1628,16,1,4,1,1,4,4,35.887,1092
1629,16,1,4,1,2,1,1,36.332,1027
1630,16,1,4,1,2,1,2,37.024,1039
1631,16,1,4,1,2,1,4,36.973,1048
1632,16,1,4,1,2,2,1,37.434,1088
1633,16,1,4,1,2,2,2,36.045,1055
1634,16,1,4,1,2,2,4,36.388,1092
1635,16,1,4,1,2,4,1,36.604,1159
1636,16,1,4,1,2,4,2,36.302,1141
1637,16,1,4,1,2,4,4,37.442,1151
1638,16,1,4,1,4,1,1,36.414,1076
1639,16,1,4,1,4,1,2,35.719,1072
1640,16,1,4,1,4,1,4,36.997,1103
1641,16,1,4,1,4,2,1,36.838,1133
1642,16,1,4,1,4,2,2,35.481,1149
1643,16,1,4,1,4,2,4,36.623,1156
1644,16,1,4,1,4,4,1,36.535,1232
1645,16,1,4,1,4,4,2,35.424,1224
1646,16,1,4,1,4,4,4,36.608,1223
1647,16,1,4,2,1,1,1,36.573,1099
1648,16,1,4,2,1,1,2,37.370,1089
1649,16,1,4,2,1,1,4,37.398,1061
1650,16,1,4,2,1,2,1,35.876,1130
1651,16,1,4,2,1,2,2,36.365,1102
1652,16,1,4,2,1,2,4,35.282,1143
1653,16,1,4,2,1,4,1,36.335,1172
1654,16,1,4,2,1,4,2,36.680,1136
1655,16,1,4,2,1,4,4,35.857,1230
1656,16,1,4,2,2,1,1,33.839,1159
1657,16,1,4,2,2,1,2,33.484,1124
1658,16,1,4,2,2,1,4,34.134,1145
1659,16,1,4,2,2,2,1,34.071,1182
1660,16,1,4,2,2,2,2,33.635,1166
1661,16,1,4,2,2,2,4,33.275,1181
1662,16,1,4,2,2,4,1,34.321,1323
1663,16,1,4,2,2,4,2,33.894,1290
1664,16,1,4,2,2,4,4,33.181,1228
1665,16,1,4,2,4,1,1,33.121,1226
1666,16,1,4,2,4,1,2,33.783,1226
1667,16,1,4,2,4,1,4,33.542,1235
1668,16,1,4,2,4,2,1,34.227,1350
1669,16,1,4,2,4,2,2,33.696,1260
1670,16,1,4,2,4,2,4,34.078,1307
1671,16,1,4,2,4,4,1,33.203,1428
1672,16,1,4,2,4,4,2,33.986,1429
1673,16,1,4,2,4,4,4,32.509,1411
1674,16,1,4,4,1,1,1,34.114,1193
1675,16,1,4,4,1,1,2,34.006,1226
1676,16,1,4,4,1,1,4,34.700,1213
1677,16,1,4,4,1,2,1,35.022,1265
1678,16,1,4,4,1,2,2,35.071,1251
1679,16,1,4,4,1,2,4,35.310,1252
1680,16,1,4,4,1,4,1,35.004,1321
1681,16,1,4,4,1,4,2,35.232,1322
1682,16,1,4,4,1,4,4,34.277,1338
1683,16,1,4,4,2,1,1,30.637,1433
1684,16,1,4,4,2,1,2,30.330,1362
1685,16,1,4,4,2,1,4,31.847,1349
1686,16,1,4,4,2,2,1,30.963,1395
1687,16,1,4,4,2,2,2,31.700,1408
1688,16,1,4,4,2,2,4,31.133,1429
1689,16,1,4,4,2,4,1,31.313,1491
1690,16,1,4,4,2,4,2,31.089,1496
1691,16,1,4,4,2,4,4,30.448,1479
1692,16,1,4,4,4,1,1,31.760,1383
1693,16,1,4,4,4,1,2,31.683,1430
1694,16,1,4,4,4,1,4,31.470,1446
1695,16,1,4,4,4,2,1,31.777,1433
1696,16,1,4,4,4,2,2,31.572,1421
1697,16,1,4,4,4,2,4,31.161,1428
1698,16,1,4,4,4,4,1,31.640,1544
1699,16,1,4,4,4,4,2,31.106,1509
1700,16,1,4,4,4,4,4,31.163,1547
1701,16,4,1,1,1,1,1,35.800,1313
1702,16,4,1,1,1,1,2,37.931,1315
1703,16,4,1,1,1,1,4,38.133,1290
1704,16,4,1,1,1,2,1,35.822,1356
1705,16,4,1,1,1,2,2,37.295,1371
1706,16,4,1,1,1,2,4,37.565,1356
1707,16,4,1,1,1,4,1,37.577,1483
1708,16,4,1,1,1,4,2,37.985,1492
1709,16,4,1,1,1,4,4,37.214,1474
1710,16,4,1,1,2,1,1,35.258,1336
1711,16,4,1,1,2,1,2,34.653,1351
1712,16,4,1,1,2,1,4,35.558,1365
1713,16,4,1,1,2,2,1,35.415,1426
1714,16,4,1,1,2,2,2,35.441,1436
1715,16,4,1,1,2,2,4,36.622,1418
1716,16,4,1,1,2,4,1,35.935,1598
1717,16,4,1,1,2,4,2,35.547,1516
1718,16,4,1,1,2,4,4,36.412,1552
1719,16,4,1,1,4,1,1,35.157,1430
1720,16,4,1,1,4,1,2,34.996,1407
1721,16,4,1,1,4,1,4,34.632,1424
1722,16,4,1,1,4,2,1,34.733,1560
1723,16,4,1,1,4,2,2,35.179,1505
1724,16,4,1,1,4,2,4,34.762,1504
1725,16,4,1,1,4,4,1,34.489,1649
1726,16,4,1,1,4,4,2,35.146,1620
1727,16,4,1,1,4,4,4,34.193,1598
1728,16,4,1,2,1,1,1,34.098,1406
1729,16,4,1,2,1,1,2,34.496,1471
1730,16,4,1,2,1,1,4,34.726,1448
1731,16,4,1,2,1,2,1,34.292,1565
1732,16,4,1,2,1,2,2,32.862,1525
1733,16,4,1,2,1,2,4,33.732,1545
1734,16,4,1,2,1,4,1,35.136,1613
1735,16,4,1,2,1,4,2,34.691,1591
1736,16,4,1,2,1,4,4,34.989,1629
1737,16,4,1,2,2,1,1,32.141,1549
1738,16,4,1,2,2,1,2,31.970,1486
1739,16,4,1,2,2,1,4,32.442,1481
1740,16,4,1,2,2,2,1,32.504,1606
1741,16,4,1,2,2,2,2,31.299,1552
1742,16,4,1,2,2,2,4,31.038,1577
1743,16,4,1,2,2,4,1,32.105,1697
1744,16,4,1,2,2,4,2,31.949,1687
1745,16,4,1,2,2,4,4,32.587,1655
1746,16,4,1,2,4,1,1,31.503,1716
1747,16,4,1,2,4,1,2,31.330,1726
1748,16,4,1,2,4,1,4,32.129,1750
1749,16,4,1,2,4,2,1,31.143,1850
1750,16,4,1,2,4,2,2,30.705,1803
1751,16,4,1,2,4,2,4,31.952,1791
1752,16,4,1,2,4,4,1,32.412,1939
1753,16,4,1,2,4,4,2,32.183,1867
1754,16,4,1,2,4,4,4,32.162,1890
1755,16,4,1,4,1,1,1,31.348,1648
1756,16,4,1,4,1,1,2,31.704,1661
1757,16,4,1,4,1,1,4,30.546,1622
1758,16,4,1,4,1,2,1,32.235,1751
1759,16,4,1,4,1,2,2,30.882,1759
1760,16,4,1,4,1,2,4,30.729,1691
1761,16,4,1,4,1,4,1,30.486,1851
1762,16,4,1,4,1,4,2,33.087,1855
1763,16,4,1,4,1,4,4,29.774,1891
1764,16,4,1,4,2,1,1,27.741,1799
1765,16,4,1,4,2,1,2,27.790,1792
1766,16,4,1,4,2,1,4,27.640,1756
1767,16,4,1,4,2,2,1,27.714,1877
1768,16,4,1,4,2,2,2,28.081,1816
1769,16,4,1,4,2,2,4,27.965,1792
1770,16,4,1,4,2,4,1,27.974,2018
1771,16,4,1,4,2,4,2,26.167,1942
1772,16,4,1,4,2,4,4,28.081,1899
1773,16,4,1,4,4,1,1,29.291,1885
1774,16,4,1,4,4,1,2,29.298,1909
1775,16,4,1,4,4,1,4,28.847,1865
1776,16,4,1,4,4,2,1,29.156,1954
1777,16,4,1,4,4,2,2,30.103,1871
1778,16,4,1,4,4,2,4,29.748,1968
1779,16,4,1,4,4,4,1,29.500,2076
1780,16,4,1,4,4,4,2,29.627,2027
1781,16,4,1,4,4,4,4,28.514,2127
1782,16,4,2,1,1,1,1,37.430,1325
1783,16,4,2,1,1,1,2,37.348,1318
1784,16,4,2,1,1,1,4,37.914,1331
1785,16,4,2,1,1,2,1,37.639,1443
1786,16,4,2,1,1,2,2,38.274,1417
1787,16,4,2,1,1,2,4,37.985,1408
1788,16,4,2,1,1,4,1,36.681,1577
1789,16,4,2,1,1,4,2,37.927,1512
1790,16,4,2,1,1,4,4,37.170,1492
1791,16,4,2,1,2,1,1,34.762,1372
1792,16,4,2,1,2,1,2,34.719,1398
1793,16,4,2,1,2,1,4,34.857,1328
1794,16,4,2,1,2,2,1,36.323,1462
1795,16,4,2,1,2,2,2,36.170,1486
1796,16,4,2,1,2,2,4,35.573,1414
1797,16,4,2,1,2,4,1,35.777,1602
1798,16,4,2,1,2,4,2,35.386,1554
1799,16,4,2,1,2,4,4,35.071,1531
1800,16,4,2,1,4,1,1,34.635,1460
1801,16,4,2,1,4,1,2,35.774,1512
1802,16,4,2,1,4,1,4,34.832,1489
1803,16,4,2,1,4,2,1,35.046,1554
1804,16,4,2,1,4,2,2,34.510,1616
1805,16,4,2,1,4,2,4,34.681,1509
1806,16,4,2,1,4,4,1,34.461,1673
1807,16,4,2,1,4,4,2,34.485,1689
1808,16,4,2,1,4,4,4,34.057,1665
1809,16,4,2,2,1,1,1,33.662,1412
1810,16,4,2,2,1,1,2,34.530,1416
1811,16,4,2,2,1,1,4,34.030,1427
1812,16,4,2,2,1,2,1,34.451,1596
1813,16,4,2,2,1,2,2,34.471,1552
1814,16,4,2,2,1,2,4,34.423,1583
1815,16,4,2,2,1,4,1,34.423,1676
1816,16,4,2,2,1,4,2,32.970,1641
1817,16,4,2,2,1,4,4,33.078,1707
1818,16,4,2,2,2,1,1,31.553,1480
1819,16,4,2,2,2,1,2,31.822,1501
1820,16,4,2,2,2,1,4,32.433,1441
1821,16,4,2,2,2,2,1,32.189,1598
1822,16,4,2,2,2,2,2,32.075,1594
1823,16,4,2,2,2,2,4,32.211,1542
1824,16,4,2,2,2,4,1,31.742,1753
1825,16,4,2,2,2,4,2,31.579,1706
1826,16,4,2,2,2,4,4,32.581,1666
1827,16,4,2,2,4,1,1,32.424,1764
1828,16,4,2,2,4,1,2,31.654,1704
1829,16,4,2,2,4,1,4,31.109,1748
1830,16,4,2,2,4,2,1,31.072,1889
1831,16,4,2,2,4,2,2,31.687,1860
1832,16,4,2,2,4,2,4,32.162,1784
1833,16,4,2,2,4,4,1,31.985,1963
1834,16,4,2,2,4,4,2,31.681,1991
1835,16,4,2,2,4,4,4,31.961,1881
1836,16,4,2,4,1,1,1,31.769,1754
1837,16,4,2,4,1,1,2,30.929,1709
1838,16,4,2,4,1,1,4,30.389,1651
1839,16,4,2,4,1,2,1,31.816,1739
1840,16,4,2,4,1,2,2,31.168,1772
1841,16,4,2,4,1,2,4,31.532,1722
1842,16,4,2,4,1,4,1,30.043,1962
1843,16,4,2,4,1,4,2,30.421,1933
1844,16,4,2,4,1,4,4,32.054,1866
1845,16,4,2,4,2,1,1,27.358,1828
1846,16,4,2,4,2,1,2,27.844,1737
1847,16,4,2,4,2,1,4,28.257,1804
1848,16,4,2,4,2,2,1,27.178,1878
1849,16,4,2,4,2,2,2,28.114,1891
1850,16,4,2,4,2,2,4,26.743,1857
1851,16,4,2,4,2,4,1,27.107,1960
1852,16,4,2,4,2,4,2,27.831,2023
1853,16,4,2,4,2,4,4,27.225,1974
1854,16,4,2,4,4,1,1,29.338,1951
1855,16,4,2,4,4,1,2,29.062,1981
1856,16,4,2,4,4,1,4,29.888,1961
1857,16,4,2,4,4,2,1,28.229,1936
1858,16,4,2,4,4,2,2,28.487,2032
1859,16,4,2,4,4,2,4,28.405,1936
1860,16,4,2,4,4,4,1,29.563,2110
1861,16,4,2,4,4,4,2,29.653,2132
1862,16,4,2,4,4,4,4,28.952,2072
1863,16,4,4,1,1,1,1,36.862,1346
1864,16,4,4,1,1,1,2,35.837,1362
1865,16,4,4,1,1,1,4,38.163,1364
1866,16,4,4,1,1,2,1,36.082,1432
1867,16,4,4,1,1,2,2,38.011,1467
1868,16,4,4,1,1,2,4,37.442,1428
1869,16,4,4,1,1,4,1,37.847,1590
1870,16,4,4,1,1,4,2,36.493,1512
1871,16,4,4,1,1,4,4,37.660,1581
1872,16,4,4,1,2,1,1,34.992,1372
1873,16,4,4,1,2,1,2,36.025,1419
1874,16,4,4,1,2,1,4,35.507,1433
1875,16,4,4,1,2,2,1,35.536,1525
1876,16,4,4,1,2,2,2,35.248,1516
1877,16,4,4,1,2,2,4,34.653,1518
1878,16,4,4,1,2,4,1,35.426,1615
1879,16,4,4,1,2,4,2,35.651,1574
1880,16,4,4,1,2,4,4,35.028,1602
1881,16,4,4,1,4,1,1,35.021,1478
1882,16,4,4,1,4,1,2,35.444,1498
1883,16,4,4,1,4,1,4,34.597,1518
1884,16,4,4,1,4,2,1,34.705,1566
1885,16,4,4,1,4,2,2,34.489,1550
1886,16,4,4,1,4,2,4,34.740,1535
1887,16,4,4,1,4,4,1,34.625,1660
1888,16,4,4,1,4,4,2,34.744,1749
1889,16,4,4,1,4,4,4,34.783,1651
1890,16,4,4,2,1,1,1,34.572,1428
1891,16,4,4,2,1,1,2,34.444,1514
1892,16,4,4,2,1,1,4,33.752,1474
1893,16,4,4,2,1,2,1,34.227,1612
1894,16,4,4,2,1,2,2,34.688,1600
1895,16,4,4,2,1,2,4,34.489,1540
1896,16,4,4,2,1,4,1,34.330,1751
1897,16,4,4,2,1,4,2,34.639,1686
1898,16,4,4,2,1,4,4,33.355,1715
1899,16,4,4,2,2,1,1,31.567,1597
1900,16,4,4,2,2,1,2,31.831,1600
1901,16,4,4,2,2,1,4,32.009,1531
1902,16,4,4,2,2,2,1,32.320,1566
1903,16,4,4,2,2,2,2,31.109,1674
1904,16,4,4,2,2,2,4,31.914,1586
1905,16,4,4,2,2,4,1,31.308,1765
1906,16,4,4,2,2,4,2,32.147,1689
1907,16,4,4,2,2,4,4,31.822,1711
1908,16,4,4,2,4,1,1,31.728,1805
1909,16,4,4,2,4,1,2,32.060,1822
1910,16,4,4,2,4,1,4,31.734,1776
1911,16,4,4,2,4,2,1,31.231,1889
1912,16,4,4,2,4,2,2,32.078,1848
1913,16,4,4,2,4,2,4,31.949,1878
1914,16,4,4,2,4,4,1,31.033,2026
1915,16,4,4,2,4,4,2,32.060,2009
1916,16,4,4,2,4,4,4,30.376,1996
1917,16,4,4,4,1,1,1,32.051,1750
1918,16,4,4,4,1,1,2,31.231,1762
1919,16,4,4,4,1,1,4,30.541,1710
1920,16,4,4,4,1,2,1,32.042,1790
1921,16,4,4,4,1,2,2,31.477,1786
1922,16,4,4,4,1,2,4,32.114,1839
1923,16,4,4,4,1,4,1,31.622,1961
1924,16,4,4,4,1,4,2,31.168,1932
1925,16,4,4,4,1,4,4,30.392,1914
1926,16,4,4,4,2,1,1,27.513,1821
1927,16,4,4,4,2,1,2,26.567,1874
1928,16,4,4,4,2,1,4,27.582,1828
1929,16,4,4,4,2,2,1,27.582,1926
1930,16,4,4,4,2,2,2,27.935,1936
1931,16,4,4,4,2,2,4,28.750,1879
1932,16,4,4,4,2,4,1,27.960,2030
1933,16,4,4,4,2,4,2,28.234,2011
1934,16,4,4,4,2,4,4,26.991,2036
1936,16,4,4,4,4,1,2,29.023,1938
1937,16,4,4,4,4,1,4,29.328,1901
1938,16,4,4,4,4,2,1,29.653,2101
1939,16,4,4,4,4,2,2,29.574,2031
1940,16,4,4,4,4,2,4,28.908,2043
1941,16,4,4,4,4,4,1,29.318,2143
1942,16,4,4,4,4,4,2,28.590,2137
1943,16,4,4,4,4,4,4,30.103,2112
1944,16,16,1,1,1,1,1,35.704,2341
1945,16,16,1,1,1,1,2,34.098,2347
1946,16,16,1,1,1,1,4,34.977,2300
1947,16,16,1,1,1,2,1,34.062,2520
1948,16,16,1,1,1,2,2,33.536,2564
1949,16,16,1,1,1,2,4,34.534,2583
1950,16,16,1,1,1,4,1,33.766,3023
1951,16,16,1,1,1,4,2,34.527,2978
1952,16,16,1,1,1,4,4,35.414,3064
1953,16,16,1,1,2,1,1,32.538,2406
1954,16,16,1,1,2,1,2,33.680,2377
1955,16,16,1,1,2,1,4,34.227,2382
1956,16,16,1,1,2,2,1,31.893,2624
1957,16,16,1,1,2,2,2,33.060,2638
1958,16,16,1,1,2,2,4,34.403,2616
1959,16,16,1,1,2,4,1,33.454,3041
1960,16,16,1,1,2,4,2,33.527,3057
1961,16,16,1,1,2,4,4,32.830,3083
1962,16,16,1,1,4,1,1,34.233,2531
1963,16,16,1,1,4,1,2,33.699,2529
1964,16,16,1,1,4,1,4,34.591,2449
1965,16,16,1,1,4,2,1,34.111,2693
1966,16,16,1,1,4,2,2,34.853,2726
1967,16,16,1,1,4,2,4,32.827,2669
1968,16,16,1,1,4,4,1,34.309,3131
1969,16,16,1,1,4,4,2,34.019,3175
1970,16,16,1,1,4,4,4,35.084,3124
1971,16,16,1,2,1,1,1,31.240,2582
1973,16,16,1,2,1,1,4,30.752,2597
1974,16,16,1,2,1,2,1,30.693,2850
1975,16,16,1,2,1,2,2,30.369,2895
1976,16,16,1,2,1,2,4,30.773,2799
1977,16,16,1,2,1,4,1,31.482,3181
1978,16,16,1,2,1,4,2,30.040,3175
1979,16,16,1,2,1,4,4,31.670,3252
1982,16,16,1,2,2,1,4,29.953,2585
1983,16,16,1,2,2,2,1,29.830,2874
1984,16,16,1,2,2,2,2,29.106,2888
1985,16,16,1,2,2,2,4,29.862,2930
1986,16,16,1,2,2,4,1,30.155,3270
1987,16,16,1,2,2,4,2,29.974,3291
1988,16,16,1,2,2,4,4,30.577,3268
1989,16,16,1,2,4,1,1,29.157,2995
1990,16,16,1,2,4,1,2,30.078,3050
1991,16,16,1,2,4,1,4,28.997,3091
1992,16,16,1,2,4,2,1,30.784,3255
1993,16,16,1,2,4,2,2,28.495,3281
1994,16,16,1,2,4,2,4,29.729,3294
1995,16,16,1,2,4,4,1,29.047,3624
1996,16,16,1,2,4,4,2,29.925,3636
1997,16,16,1,2,4,4,4,28.824,3760
2000,16,16,1,4,1,1,4,28.438,2970
2003,16,16,1,4,1,2,4,29.438,3232
2004,16,16,1,4,1,4,1,28.582,3632
2005,16,16,1,4,1,4,2,29.724,3586
2006,16,16,1,4,1,4,4,29.707,3553
2012,16,16,1,4,2,2,4,27.233,3343
2014,16,16,1,4,2,4,2,26.837,3629
2015,16,16,1,4,2,4,4,27.166,3705
2022,16,16,1,4,4,4,1,27.231,3980
2023,16,16,1,4,4,4,2,26.444,3955
2024,16,16,1,4,4,4,4,26.577,4050
2025,16,16,2,1,1,1,1,34.343,2400
2026,16,16,2,1,1,1,2,34.483,2423
2027,16,16,2,1,1,1,4,34.343,2388
2028,16,16,2,1,1,2,1,34.273,2601
2029,16,16,2,1,1,2,2,34.981,2634
2030,16,16,2,1,1,2,4,35.400,2654
2031,16,16,2,1,1,4,1,35.071,3023
2032,16,16,2,1,1,4,2,34.329,3035
2033,16,16,2,1,1,4,4,33.857,3032
2034,16,16,2,1,2,1,1,33.206,2507
2035,16,16,2,1,2,1,2,33.394,2471
2036,16,16,2,1,2,1,4,33.811,2442
2037,16,16,2,1,2,2,1,33.190,2662
2038,16,16,2,1,2,2,2,32.568,2668
2039,16,16,2,1,2,2,4,34.023,2693
2040,16,16,2,1,2,4,1,32.183,3181
2041,16,16,2,1,2,4,2,33.511,3082
2042,16,16,2,1,2,4,4,34.540,3190
2043,16,16,2,1,4,1,1,33.696,2534
2044,16,16,2,1,4,1,2,33.568,2517
2045,16,16,2,1,4,1,4,34.403,2533
2046,16,16,2,1,4,2,1,34.359,2718
2047,16,16,2,1,4,2,2,33.237,2787
2048,16,16,2,1,4,2,4,34.019,2808
2049,16,16,2,1,4,4,1,34.151,3198
2050,16,16,2,1,4,4,2,35.400,3190
2051,16,16,2,1,4,4,4,34.815,3168
2052,16,16,2,2,1,1,1,30.162,2610
2053,16,16,2,2,1,1,2,31.432,2530
2054,16,16,2,2,1,1,4,32.197,2647
2055,16,16,2,2,1,2,1,29.323,2913
2056,16,16,2,2,1,2,2,31.027,2927
2057,16,16,2,2,1,2,4,30.571,3007
2058,16,16,2,2,1,4,1,31.152,3299
2059,16,16,2,2,1,4,2,31.988,3260
2060,16,16,2,2,1,4,4,32.661,3320
2062,16,16,2,2,2,1,2,29.090,2696
2063,16,16,2,2,2,1,4,29.416,2609
2064,16,16,2,2,2,2,1,29.183,2952
2065,16,16,2,2,2,2,2,29.104,3025
2066,16,16,2,2,2,2,4,30.250,2969
2067,16,16,2,2,2,4,1,29.875,3331
2068,16,16,2,2,2,4,2,29.815,3326
2069,16,16,2,2,2,4,4,28.306,3339
2071,16,16,2,2,4,1,2,29.306,3096
2072,16,16,2,2,4,1,4,28.354,3050
2073,16,16,2,2,4,2,1,29.820,3342
2074,16,16,2,2,4,2,2,30.040,3341
2075,16,16,2,2,4,2,4,29.915,3440
2076,16,16,2,2,4,4,1,28.930,3637
2077,16,16,2,2,4,4,2,30.045,3765
2078,16,16,2,2,4,4,4,29.116,3693
2081,16,16,2,4,1,1,4,28.883,3052
2084,16,16,2,4,1,2,4,27.997,3301
2085,16,16,2,4,1,4,1,30.027,3666
2086,16,16,2,4,1,4,2,29.830,3559
2087,16,16,2,4,1,4,4,28.945,3643
2090,16,16,2,4,2,1,4,26.976,3177
2094,16,16,2,4,2,4,1,26.189,3808
2095,16,16,2,4,2,4,2,26.595,3734
2096,16,16,2,4,2,4,4,26.178,3655
2102,16,16,2,4,4,2,4,27.321,3520
2103,16,16,2,4,4,4,1,27.128,4055
2104,16,16,2,4,4,4,2,26.679,4130
2105,16,16,2,4,4,4,4,27.252,3999
2106,16,16,4,1,1,1,1,34.032,2571
2107,16,16,4,1,1,1,2,34.032,2428
2108,16,16,4,1,1,1,4,34.223,2503
2109,16,16,4,1,1,2,1,34.042,2699
2110,16,16,4,1,1,2,2,35.393,2758
2111,16,16,4,1,1,2,4,33.045,2651
2112,16,16,4,1,1,4,1,33.993,3222
2113,16,16,4,1,1,4,2,34.128,3118
2114,16,16,4,1,1,4,4,34.359,3102
2115,16,16,4,1,2,1,1,32.946,2557
2116,16,16,4,1,2,1,2,34.207,2515
2117,16,16,4,1,2,1,4,32.514,2541
2118,16,16,4,1,2,2,1,32.136,2785
2119,16,16,4,1,2,2,2,33.193,2771
2120,16,16,4,1,2,2,4,33.993,2843
2121,16,16,4,1,2,4,1,33.912,3168
2122,16,16,4,1,2,4,2,33.032,3107
2123,16,16,4,1,2,4,4,33.514,3239
2124,16,16,4,1,4,1,1,34.306,2601
2125,16,16,4,1,4,1,2,33.782,2675
2126,16,16,4,1,4,1,4,32.962,2626
2127,16,16,4,1,4,2,1,34.170,2902
2128,16,16,4,1,4,2,2,33.831,2989
2129,16,16,4,1,4,2,4,34.768,2982
2130,16,16,4,1,4,4,1,35.221,3280
2131,16,16,4,1,4,4,2,34.829,3162
2132,16,16,4,1,4,4,4,33.303,3178
2133,16,16,4,2,1,1,1,29.236,2657
2134,16,16,4,2,1,1,2,31.098,2647
2135,16,16,4,2,1,1,4,31.476,2667
2136,16,16,4,2,1,2,1,31.027,2957
2137,16,16,4,2,1,2,2,31.295,3013
2138,16,16,4,2,1,2,4,31.046,2970
2139,16,16,4,2,1,4,1,31.095,3352
2140,16,16,4,2,1,4,2,30.784,3298
2141,16,16,4,2,1,4,4,30.574,3403
2143,16,16,4,2,2,1,2,29.877,2733
2144,16,16,4,2,2,1,4,30.889,2755
2145,16,16,4,2,2,2,1,30.463,3095
2146,16,16,4,2,2,2,2,29.499,3072
2147,16,16,4,2,2,2,4,29.382,3033
2148,16,16,4,2,2,4,1,27.955,3414
2149,16,16,4,2,2,4,2,29.576,3376
2150,16,16,4,2,2,4,4,29.797,3315
2152,16,16,4,2,4,1,2,29.543,3187
2153,16,16,4,2,4,1,4,29.558,3156
2154,16,16,4,2,4,2,1,29.253,3380
2155,16,16,4,2,4,2,2,29.030,3388
2156,16,16,4,2,4,2,4,29.984,3523
2157,16,16,4,2,4,4,1,29.623,3679
2158,16,16,4,2,4,4,2,29.966,3806
2159,16,16,4,2,4,4,4,29.608,3833
2161,16,16,4,4,1,1,2,30.183,3026
2162,16,16,4,4,1,1,4,29.294,3118
2164,16,16,4,4,1,2,2,30.104,3265
2165,16,16,4,4,1,2,4,30.362,3367
2166,16,16,4,4,1,4,1,29.888,3654
2167,16,16,4,4,1,4,2,29.714,3725
2168,16,16,4,4,1,4,4,29.627,3663
2172,16,16,4,4,2,2,1,26.426,3519
2173,16,16,4,4,2,2,2,26.707,3418
2175,16,16,4,4,2,4,1,26.776,3835
2176,16,16,4,4,2,4,2,26.757,3800
2177,16,16,4,4,2,4,4,26.695,3792
2181,16,16,4,4,4,2,1,27.235,3643
2182,16,16,4,4,4,2,2,26.841,3647
2183,16,16,4,4,4,2,4,27.133,3643
2184,16,16,4,4,4,4,1,27.013,4048
2185,16,16,4,4,4,4,2,27.408,3983
2186,16,16,4,4,4,4,4,26.408,4000
