design,copy0,copy1,computehistogram,computehistogram_partition,resort,processsymbols,movenodes,assigncodeword,obj1,obj2
0000,1,1,1,1,1,1,1,1,36.102,745
0001,1,1,1,1,1,1,1,2,36.220,809
0002,1,1,1,1,1,1,2,1,36.497,789
0003,1,1,1,1,1,1,2,2,37.455,827
0004,1,1,1,1,2,1,1,1,35.682,903
0005,1,1,1,1,2,1,1,2,36.440,943
0006,1,1,1,1,2,1,2,1,37.345,937
0007,1,1,1,1,2,1,2,2,37.532,968
0008,1,1,1,2,1,1,1,1,35.442,783
0009,1,1,1,2,1,1,1,2,34.819,802
0010,1,1,1,2,1,1,2,1,35.857,792
0011,1,1,1,2,1,1,2,2,35.872,880
0012,1,1,1,2,2,1,1,1,35.369,900
0013,1,1,1,2,2,1,1,2,36.159,972
0014,1,1,1,2,2,1,2,1,36.328,948
0015,1,1,1,2,2,1,2,2,37.048,992
0016,1,1,1,4,1,1,1,1,36.697,790
0017,1,1,1,4,1,1,1,2,36.129,848
0018,1,1,1,4,1,1,2,1,35.322,842
0019,1,1,1,4,1,1,2,2,36.269,915
0020,1,1,1,4,2,1,1,1,35.827,967
0021,1,1,1,4,2,1,1,2,35.369,1017
0022,1,1,1,4,2,1,2,1,36.138,995
0023,1,1,1,4,2,1,2,2,36.154,1042
0024,1,1,2,1,1,1,1,1,44.501,946
0025,1,1,2,1,1,1,1,2,43.650,949
0026,1,1,2,1,1,1,2,1,43.891,906
0027,1,1,2,1,1,1,2,2,45.202,987
0028,1,1,2,1,2,1,1,1,43.286,1043
0029,1,1,2,1,2,1,1,2,42.659,1074
0030,1,1,2,1,2,1,2,1,43.676,1048
0031,1,1,2,1,2,1,2,2,44.780,1121
0032,1,1,2,2,1,1,1,1,43.052,864
0033,1,1,2,2,1,1,1,2,42.923,967
0034,1,1,2,2,1,1,2,1,43.758,947
0035,1,1,2,2,1,1,2,2,44.476,994
0036,1,1,2,2,2,1,1,1,44.377,1064
0037,1,1,2,2,2,1,1,2,44.226,1090
0038,1,1,2,2,2,1,2,1,43.463,1076
0039,1,1,2,2,2,1,2,2,45.112,1129
0040,1,1,2,4,1,1,1,1,36.517,959
0041,1,1,2,4,1,1,1,2,36.240,1005
0042,1,1,2,4,1,1,2,1,36.142,977
0043,1,1,2,4,1,1,2,2,36.526,1044
0044,1,1,2,4,2,1,1,1,36.467,1222
0045,1,1,2,4,2,1,1,2,35.332,1165
0046,1,1,2,4,2,1,2,1,36.214,1140
0047,1,1,2,4,2,1,2,2,37.836,1182
0048,1,1,4,1,1,1,1,1,42.927,1033
0049,1,1,4,1,1,1,1,2,43.254,1109
0050,1,1,4,1,1,1,2,1,42.064,1104
0051,1,1,4,1,1,1,2,2,42.759,1118
0052,1,1,4,1,2,1,1,1,42.189,1158
0053,1,1,4,1,2,1,1,2,43.550,1173
0054,1,1,4,1,2,1,2,1,42.469,1151
0055,1,1,4,1,2,1,2,2,42.452,1225
0056,1,1,4,2,1,1,1,1,43.102,1025
0057,1,1,4,2,1,1,1,2,42.323,1104
0058,1,1,4,2,1,1,2,1,42.716,1098
0059,1,1,4,2,1,1,2,2,43.938,1119
0060,1,1,4,2,2,1,1,1,41.693,1168
0061,1,1,4,2,2,1,1,2,44.167,1217
0062,1,1,4,2,2,1,2,1,43.282,1222
0063,1,1,4,2,2,1,2,2,44.573,1215
0064,1,1,4,4,1,1,1,1,42.575,1070
0065,1,1,4,4,1,1,1,2,42.383,1077
0066,1,1,4,4,1,1,2,1,43.593,1113
0067,1,1,4,4,1,1,2,2,44.024,1157
0068,1,1,4,4,2,1,1,1,41.937,1178
0069,1,1,4,4,2,1,1,2,41.689,1267
0070,1,1,4,4,2,1,2,1,43.417,1244
0071,1,1,4,4,2,1,2,2,43.654,1292
0072,1,2,1,1,1,1,1,1,37.919,942
0073,1,2,1,1,1,1,1,2,34.182,1021
0074,1,2,1,1,1,1,2,1,36.401,1057
0075,1,2,1,1,1,1,2,2,35.444,1061
0076,1,2,1,1,2,1,1,1,34.409,1154
0077,1,2,1,1,2,1,1,2,34.265,1196
0078,1,2,1,1,2,1,2,1,36.560,1311
0079,1,2,1,1,2,1,2,2,35.691,1212
0080,1,2,1,2,1,1,1,1,36.069,996
0081,1,2,1,2,1,1,1,2,34.675,1000
0082,1,2,1,2,1,1,2,1,37.428,1035
0083,1,2,1,2,1,1,2,2,35.956,1098
0084,1,2,1,2,2,1,1,1,36.856,1129
0085,1,2,1,2,2,1,1,2,34.682,1200
0086,1,2,1,2,2,1,2,1,38.007,1156
0087,1,2,1,2,2,1,2,2,34.781,1226
0088,1,2,1,4,1,1,1,1,35.850,984
0089,1,2,1,4,1,1,1,2,34.992,1184
0090,1,2,1,4,1,1,2,1,36.619,1057
0091,1,2,1,4,1,1,2,2,36.862,1086
0092,1,2,1,4,2,1,1,1,36.551,1172
0093,1,2,1,4,2,1,1,2,35.581,1246
0094,1,2,1,4,2,1,2,1,36.925,1245
0095,1,2,1,4,2,1,2,2,36.502,1278
0096,1,2,2,1,1,1,1,1,41.608,1073
0097,1,2,2,1,1,1,1,2,41.337,1181
0098,1,2,2,1,1,1,2,1,43.124,1130
0099,1,2,2,1,1,1,2,2,43.841,1202
0100,1,2,2,1,2,1,1,1,41.874,1194
0101,1,2,2,1,2,1,1,2,43.724,1316
0102,1,2,2,1,2,1,2,1,43.832,1256
0103,1,2,2,1,2,1,2,2,44.167,1301
0104,1,2,2,2,1,1,1,1,41.617,1106
0105,1,2,2,2,1,1,1,2,42.622,1135
0106,1,2,2,2,1,1,2,1,42.959,1121
0107,1,2,2,2,1,1,2,2,43.457,1156
0108,1,2,2,2,2,1,1,1,42.761,1194
0109,1,2,2,2,2,1,1,2,43.453,1269
0110,1,2,2,2,2,1,2,1,45.599,1255
0111,1,2,2,2,2,1,2,2,43.430,1286
0112,1,2,2,4,1,1,1,1,35.051,1131
0113,1,2,2,4,1,1,1,2,35.820,1186
0114,1,2,2,4,1,1,2,1,38.083,1150
0115,1,2,2,4,1,1,2,2,37.502,1242
0116,1,2,2,4,2,1,1,1,35.102,1296
0117,1,2,2,4,2,1,1,2,35.506,1330
0118,1,2,2,4,2,1,2,1,36.870,1367
0119,1,2,2,4,2,1,2,2,36.077,1362
0120,1,2,4,1,1,1,1,1,41.876,1234
0121,1,2,4,1,1,1,1,2,41.980,1285
0122,1,2,4,1,1,1,2,1,42.320,1257
0123,1,2,4,1,1,1,2,2,43.949,1346
0124,1,2,4,1,2,1,1,1,41.477,1349
0125,1,2,4,1,2,1,1,2,41.358,1489
0126,1,2,4,1,2,1,2,1,42.602,1411
0127,1,2,4,1,2,1,2,2,42.390,1465
0128,1,2,4,2,1,1,1,1,31.706,1261
0129,1,2,4,2,1,1,1,2,31.103,1282
0130,1,2,4,2,1,1,2,1,33.193,1302
0131,1,2,4,2,1,1,2,2,32.200,1317
0132,1,2,4,2,2,1,1,1,30.832,1468
0133,1,2,4,2,2,1,1,2,30.526,1505
0134,1,2,4,2,2,1,2,1,32.204,1505
0135,1,2,4,2,2,1,2,2,31.433,1619
0136,1,2,4,4,1,1,1,1,31.431,1392
0137,1,2,4,4,1,1,1,2,31.755,1417
0138,1,2,4,4,1,1,2,1,31.552,1516
0139,1,2,4,4,1,1,2,2,31.231,1475
0140,1,2,4,4,2,1,1,1,30.973,1494
0141,1,2,4,4,2,1,1,2,30.342,1530
0142,1,2,4,4,2,1,2,1,30.426,1598
0143,1,2,4,4,2,1,2,2,31.716,1611
0144,1,4,1,1,1,1,1,1,36.923,1106
0145,1,4,1,1,1,1,1,2,34.842,1202
0146,1,4,1,1,1,1,2,1,38.318,1184
0147,1,4,1,1,1,1,2,2,37.035,1207
0148,1,4,1,1,2,1,1,1,35.645,1239
0149,1,4,1,1,2,1,1,2,34.432,1303
0150,1,4,1,1,2,1,2,1,35.329,1242
0151,1,4,1,1,2,1,2,2,38.087,1313
0152,1,4,1,2,1,1,1,1,37.157,1230
0153,1,4,1,2,1,1,1,2,36.157,1195
0154,1,4,1,2,1,1,2,1,37.154,1139
0155,1,4,1,2,1,1,2,2,36.327,1241
0156,1,4,1,2,2,1,1,1,37.214,1189
0157,1,4,1,2,2,1,1,2,37.398,1268
0158,1,4,1,2,2,1,2,1,36.890,1246
0159,1,4,1,2,2,1,2,2,37.226,1322
0160,1,4,1,4,1,1,1,1,36.448,1106
0161,1,4,1,4,1,1,1,2,35.485,1198
0162,1,4,1,4,1,1,2,1,37.854,1198
0163,1,4,1,4,1,1,2,2,37.661,1288
0164,1,4,1,4,2,1,1,1,34.394,1293
0165,1,4,1,4,2,1,1,2,35.327,1371
0166,1,4,1,4,2,1,2,1,36.323,1323
0167,1,4,1,4,2,1,2,2,35.553,1418
0168,1,4,2,1,1,1,1,1,43.319,1245
0169,1,4,2,1,1,1,1,2,43.730,1316
0170,1,4,2,1,1,1,2,1,45.036,1244
0171,1,4,2,1,1,1,2,2,42.954,1337
0172,1,4,2,1,2,1,1,1,43.242,1404
0173,1,4,2,1,2,1,1,2,43.088,1360
0174,1,4,2,1,2,1,2,1,44.518,1421
0175,1,4,2,1,2,1,2,2,42.871,1532
0176,1,4,2,2,1,1,1,1,44.233,1348
0177,1,4,2,2,1,1,1,2,43.907,1328
0178,1,4,2,2,1,1,2,1,44.806,1294
0179,1,4,2,2,1,1,2,2,43.320,1360
0180,1,4,2,2,2,1,1,1,41.966,1423
0181,1,4,2,2,2,1,1,2,42.566,1419
0182,1,4,2,2,2,1,2,1,44.707,1382
0183,1,4,2,2,2,1,2,2,43.517,1507
0184,1,4,2,4,1,1,1,1,37.592,1236
0185,1,4,2,4,1,1,1,2,36.723,1327
0186,1,4,2,4,1,1,2,1,38.233,1285
0187,1,4,2,4,1,1,2,2,37.293,1340
0188,1,4,2,4,2,1,1,1,35.943,1447
0189,1,4,2,4,2,1,1,2,35.856,1520
0190,1,4,2,4,2,1,2,1,37.829,1466
0191,1,4,2,4,2,1,2,2,35.703,1567
0192,1,4,4,1,1,1,1,1,42.628,1331
0193,1,4,4,1,1,1,1,2,43.219,1442
0194,1,4,4,1,1,1,2,1,43.236,1395
0195,1,4,4,1,1,1,2,2,42.754,1476
0196,1,4,4,1,2,1,1,1,41.791,1421
0197,1,4,4,1,2,1,1,2,41.740,1525
0198,1,4,4,1,2,1,2,1,42.338,1508
0199,1,4,4,1,2,1,2,2,42.754,1567
0200,1,4,4,2,1,1,1,1,32.260,1376
0201,1,4,4,2,1,1,1,2,32.589,1431
0202,1,4,4,2,1,1,2,1,33.555,1405
0203,1,4,4,2,1,1,2,2,33.191,1467
0204,1,4,4,2,2,1,1,1,31.225,1493
0205,1,4,4,2,2,1,1,2,31.419,1671
0206,1,4,4,2,2,1,2,1,32.997,1631
0207,1,4,4,2,2,1,2,2,32.208,1768
0208,1,4,4,4,1,1,1,1,31.421,1397
0209,1,4,4,4,1,1,1,2,30.921,1541
0210,1,4,4,4,1,1,2,1,33.027,1473
0211,1,4,4,4,1,1,2,2,32.175,1612
0212,1,4,4,4,2,1,1,1,31.259,1587
0213,1,4,4,4,2,1,1,2,31.181,1773
0214,1,4,4,4,2,1,2,1,32.153,1688
0215,1,4,4,4,2,1,2,2,32.081,1814
0216,1,8,1,1,1,1,1,1,22.942,1290
0217,1,8,1,1,1,1,1,2,22.633,1402
0218,1,8,1,1,1,1,2,1,23.454,1385
0219,1,8,1,1,1,1,2,2,22.503,1499
0220,1,8,1,1,2,1,1,1,23.556,1448
0221,1,8,1,1,2,1,1,2,23.045,1560
0222,1,8,1,1,2,1,2,1,24.030,1505
0223,1,8,1,1,2,1,2,2,23.495,1606
0224,1,8,1,2,1,1,1,1,22.427,1323
0225,1,8,1,2,1,1,1,2,23.586,1465
0226,1,8,1,2,1,1,2,1,23.259,1394
0227,1,8,1,2,1,1,2,2,22.660,1476
0228,1,8,1,2,2,1,1,1,23.347,1419
0229,1,8,1,2,2,1,1,2,22.646,1459
0230,1,8,1,2,2,1,2,1,23.870,1442
0231,1,8,1,2,2,1,2,2,23.437,1614
0232,1,8,1,4,1,1,1,1,22.015,1308
0233,1,8,1,4,1,1,1,2,23.035,1456
0234,1,8,1,4,1,1,2,1,23.644,1417
0235,1,8,1,4,1,1,2,2,22.915,1491
0236,1,8,1,4,2,1,1,1,22.738,1483
0237,1,8,1,4,2,1,1,2,23.296,1582
0238,1,8,1,4,2,1,2,1,22.889,1576
0239,1,8,1,4,2,1,2,2,22.643,1709
0240,1,8,2,1,1,1,1,1,27.597,1466
0241,1,8,2,1,1,1,1,2,26.903,1532
0242,1,8,2,1,1,1,2,1,27.590,1659
0243,1,8,2,1,1,1,2,2,27.582,1651
0244,1,8,2,1,2,1,1,1,26.813,1535
0245,1,8,2,1,2,1,1,2,27.137,1662
0246,1,8,2,1,2,1,2,1,27.682,1629
0247,1,8,2,1,2,1,2,2,28.176,1835
0248,1,8,2,2,1,1,1,1,26.970,1363
0249,1,8,2,2,1,1,1,2,27.911,1472
0250,1,8,2,2,1,1,2,1,27.324,1509
0251,1,8,2,2,1,1,2,2,27.462,1615
0252,1,8,2,2,2,1,1,1,26.674,1500
0253,1,8,2,2,2,1,1,2,27.126,1585
0254,1,8,2,2,2,1,2,1,28.207,1598
0255,1,8,2,2,2,1,2,2,27.640,1669
0256,1,8,2,4,1,1,1,1,23.243,1532
0257,1,8,2,4,1,1,1,2,23.433,1617
0258,1,8,2,4,1,1,2,1,23.720,1521
0259,1,8,2,4,1,1,2,2,23.499,1701
0260,1,8,2,4,2,1,1,1,22.680,1601
0261,1,8,2,4,2,1,1,2,22.912,1781
0262,1,8,2,4,2,1,2,1,22.889,1708
0263,1,8,2,4,2,1,2,2,23.058,1855
0264,1,8,4,1,1,1,1,1,26.818,1707
0265,1,8,4,1,1,1,1,2,26.703,1788
0266,1,8,4,1,1,1,2,1,28.559,1830
0267,1,8,4,1,1,1,2,2,27.789,1871
0268,1,8,4,1,2,1,1,1,27.287,1822
0269,1,8,4,1,2,1,1,2,27.555,1967
0270,1,8,4,1,2,1,2,1,27.182,1884
0271,1,8,4,1,2,1,2,2,27.576,2008
0272,1,8,4,2,1,1,1,1,28.080,1777
0273,1,8,4,2,1,1,1,2,28.522,1704
0274,1,8,4,2,1,1,2,1,28.471,1727
0275,1,8,4,2,1,1,2,2,28.934,1828
0276,1,8,4,2,2,1,1,1,27.970,1831
0277,1,8,4,2,2,1,1,2,28.508,1909
0278,1,8,4,2,2,1,2,1,29.358,1935
0279,1,8,4,2,2,1,2,2,28.907,1934
0280,1,8,4,4,1,1,1,1,28.640,1666
0281,1,8,4,4,1,1,1,2,28.582,1848
0282,1,8,4,4,1,1,2,1,28.647,1715
0283,1,8,4,4,1,1,2,2,28.182,1801
0284,1,8,4,4,2,1,1,1,29.315,1868
0285,1,8,4,4,2,1,1,2,29.187,1983
0286,1,8,4,4,2,1,2,1,28.790,1937
0287,1,8,4,4,2,1,2,2,29.865,2040
0288,2,1,1,1,1,1,1,1,35.776,796
0289,2,1,1,1,1,1,1,2,36.646,828
0290,2,1,1,1,1,1,2,1,36.288,818
0291,2,1,1,1,1,1,2,2,37.061,846
0292,2,1,1,1,1,2,1,1,35.195,837
0293,2,1,1,1,1,2,1,2,36.872,862
0294,2,1,1,1,1,2,2,1,37.145,843
0295,2,1,1,1,1,2,2,2,38.223,878
0296,2,1,1,1,2,1,1,1,36.887,902
0297,2,1,1,1,2,1,1,2,35.425,904
0298,2,1,1,1,2,1,2,1,37.878,939
0299,2,1,1,1,2,1,2,2,37.291,987
0300,2,1,1,1,2,2,1,1,34.911,958
0301,2,1,1,1,2,2,1,2,35.469,975
0302,2,1,1,1,2,2,2,1,37.137,955
0303,2,1,1,1,2,2,2,2,36.753,965
0304,2,1,1,2,1,1,1,1,36.411,802
0305,2,1,1,2,1,1,1,2,35.857,841
0306,2,1,1,2,1,1,2,1,36.976,825
0307,2,1,1,2,1,1,2,2,36.795,874
0308,2,1,1,2,1,2,1,1,36.228,802
0309,2,1,1,2,1,2,1,2,36.626,858
0310,2,1,1,2,1,2,2,1,35.739,848
0311,2,1,1,2,1,2,2,2,37.921,890
0312,2,1,1,2,2,1,1,1,35.429,924
0313,2,1,1,2,2,1,1,2,36.399,928
0314,2,1,1,2,2,1,2,1,35.970,939
0315,2,1,1,2,2,1,2,2,37.832,1001
0316,2,1,1,2,2,2,1,1,37.673,940
0317,2,1,1,2,2,2,1,2,36.134,940
0318,2,1,1,2,2,2,2,1,37.415,971
0319,2,1,1,2,2,2,2,2,37.417,1020
0320,2,1,1,4,1,1,1,1,36.262,796
0321,2,1,1,4,1,1,1,2,36.262,850
0322,2,1,1,4,1,1,2,1,36.000,842
0323,2,1,1,4,1,1,2,2,37.551,846
0324,2,1,1,4,1,2,1,1,36.739,837
0325,2,1,1,4,1,2,1,2,36.789,915
0326,2,1,1,4,1,2,2,1,36.284,847
0327,2,1,1,4,1,2,2,2,36.047,912
0328,2,1,1,4,2,1,1,1,35.739,989
0329,2,1,1,4,2,1,1,2,36.879,1036
0330,2,1,1,4,2,1,2,1,37.184,989
0331,2,1,1,4,2,1,2,2,36.605,1066
0332,2,1,1,4,2,2,1,1,35.991,1006
0333,2,1,1,4,2,2,1,2,36.278,1097
0334,2,1,1,4,2,2,2,1,36.746,1022
0335,2,1,1,4,2,2,2,2,36.723,1051
0336,2,1,2,1,1,1,1,1,43.542,885
0337,2,1,2,1,1,1,1,2,42.746,940
0338,2,1,2,1,1,1,2,1,43.767,955
0339,2,1,2,1,1,1,2,2,46.508,977
0340,2,1,2,1,1,2,1,1,42.681,908
0341,2,1,2,1,1,2,1,2,43.452,962
0342,2,1,2,1,1,2,2,1,43.962,959
0343,2,1,2,1,1,2,2,2,45.901,1012
0344,2,1,2,1,2,1,1,1,45.047,1014
0345,2,1,2,1,2,1,1,2,45.505,1067
0346,2,1,2,1,2,1,2,1,44.255,1059
0347,2,1,2,1,2,1,2,2,45.959,1089
0348,2,1,2,1,2,2,1,1,43.278,1098
0349,2,1,2,1,2,2,1,2,43.105,1072
0350,2,1,2,1,2,2,2,1,44.131,1087
0351,2,1,2,1,2,2,2,2,45.736,1104
0352,2,1,2,2,1,1,1,1,43.782,918
0353,2,1,2,2,1,1,1,2,44.275,942
0354,2,1,2,2,1,1,2,1,43.817,982
0355,2,1,2,2,1,1,2,2,45.181,1021
0356,2,1,2,2,1,2,1,1,42.564,939
0357,2,1,2,2,1,2,1,2,44.265,945
0358,2,1,2,2,1,2,2,1,44.934,1013
0359,2,1,2,2,1,2,2,2,45.419,1045
0360,2,1,2,2,2,1,1,1,44.094,1081
0361,2,1,2,2,2,1,1,2,43.340,1079
0362,2,1,2,2,2,1,2,1,44.104,1080
0363,2,1,2,2,2,1,2,2,46.518,1090
0364,2,1,2,2,2,2,1,1,42.916,1073
0365,2,1,2,2,2,2,1,2,43.492,1127
0366,2,1,2,2,2,2,2,1,43.392,1105
0367,2,1,2,2,2,2,2,2,44.635,1097
0368,2,1,2,4,1,1,1,1,36.115,939
0369,2,1,2,4,1,1,1,2,36.047,1006
0370,2,1,2,4,1,1,2,1,36.688,1020
0371,2,1,2,4,1,1,2,2,37.539,1061
0372,2,1,2,4,1,2,1,1,35.883,953
0373,2,1,2,4,1,2,1,2,36.308,988
0374,2,1,2,4,1,2,2,1,35.698,1028
0375,2,1,2,4,1,2,2,2,37.456,1066
0376,2,1,2,4,2,1,1,1,36.649,1128
0377,2,1,2,4,2,1,1,2,37.344,1117
0378,2,1,2,4,2,1,2,1,37.463,1161
0379,2,1,2,4,2,1,2,2,36.395,1187
0380,2,1,2,4,2,2,1,1,37.332,1147
0381,2,1,2,4,2,2,1,2,36.970,1207
0382,2,1,2,4,2,2,2,1,36.882,1139
0383,2,1,2,4,2,2,2,2,37.350,1208
0384,2,1,4,1,1,1,1,1,43.002,1095
0385,2,1,4,1,1,1,1,2,43.245,1109
0386,2,1,4,1,1,1,2,1,42.729,1068
0387,2,1,4,1,1,1,2,2,44.549,1193
0388,2,1,4,1,1,2,1,1,42.523,1100
0389,2,1,4,1,1,2,1,2,42.407,1146
0390,2,1,4,1,1,2,2,1,43.734,1093
0391,2,1,4,1,1,2,2,2,45.302,1122
0392,2,1,4,1,2,1,1,1,43.223,1182
0393,2,1,4,1,2,1,1,2,43.717,1227
0394,2,1,4,1,2,1,2,1,44.872,1193
0395,2,1,4,1,2,1,2,2,45.416,1260
0396,2,1,4,1,2,2,1,1,44.448,1211
0397,2,1,4,1,2,2,1,2,42.683,1225
0398,2,1,4,1,2,2,2,1,43.331,1237
0399,2,1,4,1,2,2,2,2,45.686,1245
0400,2,1,4,2,1,1,1,1,43.905,1062
0401,2,1,4,2,1,1,1,2,43.704,1143
0402,2,1,4,2,1,1,2,1,43.612,1114
0403,2,1,4,2,1,1,2,2,44.664,1171
0404,2,1,4,2,1,2,1,1,43.339,1084
0405,2,1,4,2,1,2,1,2,43.717,1110
0406,2,1,4,2,1,2,2,1,43.883,1155
0407,2,1,4,2,1,2,2,2,43.263,1162
0408,2,1,4,2,2,1,1,1,42.927,1204
0409,2,1,4,2,2,1,1,2,42.270,1233
0410,2,1,4,2,2,1,2,1,43.376,1220
0411,2,1,4,2,2,1,2,2,43.982,1259
0412,2,1,4,2,2,2,1,1,42.523,1244
0413,2,1,4,2,2,2,1,2,43.392,1273
0414,2,1,4,2,2,2,2,1,42.802,1268
0415,2,1,4,2,2,2,2,2,44.085,1248
0416,2,1,4,4,1,1,1,1,43.090,1057
0417,2,1,4,4,1,1,1,2,42.931,1090
0418,2,1,4,4,1,1,2,1,43.979,1109
0419,2,1,4,4,1,1,2,2,43.808,1144
0420,2,1,4,4,1,2,1,1,44.247,1076
0421,2,1,4,4,1,2,1,2,43.192,1136
0422,2,1,4,4,1,2,2,1,43.970,1109
0423,2,1,4,4,1,2,2,2,43.385,1143
0424,2,1,4,4,2,1,1,1,43.249,1251
0425,2,1,4,4,2,1,1,2,42.407,1293
0426,2,1,4,4,2,1,2,1,43.933,1272
0427,2,1,4,4,2,1,2,2,43.688,1312
0428,2,1,4,4,2,2,1,1,43.804,1246
0429,2,1,4,4,2,2,1,2,42.275,1325
0430,2,1,4,4,2,2,2,1,42.902,1256
0431,2,1,4,4,2,2,2,2,44.081,1330
0432,2,2,1,1,1,1,1,1,36.809,958
0433,2,2,1,1,1,1,1,2,35.510,1016
0434,2,2,1,1,1,1,2,1,37.603,1004
0435,2,2,1,1,1,1,2,2,38.413,1094
0436,2,2,1,1,1,2,1,1,38.436,1014
0437,2,2,1,1,1,2,1,2,37.728,1029
0438,2,2,1,1,1,2,2,1,38.068,1072
0439,2,2,1,1,1,2,2,2,37.392,1114
0440,2,2,1,1,2,1,1,1,35.715,1131
0441,2,2,1,1,2,1,1,2,35.771,1168
0442,2,2,1,1,2,1,2,1,35.669,1209
0443,2,2,1,1,2,1,2,2,36.651,1169
0444,2,2,1,1,2,2,1,1,37.302,1166
0445,2,2,1,1,2,2,1,2,36.052,1200
0446,2,2,1,1,2,2,2,1,36.849,1201
0447,2,2,1,1,2,2,2,2,37.881,1248
0448,2,2,1,2,1,1,1,1,36.837,952
0449,2,2,1,2,1,1,1,2,36.411,1063
0450,2,2,1,2,1,1,2,1,37.848,1037
0451,2,2,1,2,1,1,2,2,38.047,1065
0452,2,2,1,2,1,2,1,1,36.825,995
0453,2,2,1,2,1,2,1,2,36.579,1048
0454,2,2,1,2,1,2,2,1,37.284,1090
0455,2,2,1,2,1,2,2,2,36.276,1098
0456,2,2,1,2,2,1,1,1,36.813,1122
0457,2,2,1,2,2,1,1,2,36.528,1158
0458,2,2,1,2,2,1,2,1,37.919,1142
0459,2,2,1,2,2,1,2,2,37.758,1197
0460,2,2,1,2,2,2,1,1,37.511,1141
0461,2,2,1,2,2,2,1,2,36.615,1193
0462,2,2,1,2,2,2,2,1,37.873,1187
0463,2,2,1,2,2,2,2,2,37.208,1257
0464,2,2,1,4,1,1,1,1,37.968,979
0465,2,2,1,4,1,1,1,2,38.006,1039
0466,2,2,1,4,1,1,2,1,37.981,1029
0467,2,2,1,4,1,1,2,2,38.076,1075
0468,2,2,1,4,1,2,1,1,35.340,1020
0469,2,2,1,4,1,2,1,2,35.885,1096
0470,2,2,1,4,1,2,2,1,38.644,1074
0471,2,2,1,4,1,2,2,2,37.586,1103
0472,2,2,1,4,2,1,1,1,36.271,1128
0473,2,2,1,4,2,1,1,2,36.384,1186
0474,2,2,1,4,2,1,2,1,36.299,1173
0475,2,2,1,4,2,1,2,2,35.761,1250
0476,2,2,1,4,2,2,1,1,37.330,1205
0477,2,2,1,4,2,2,1,2,36.202,1253
0478,2,2,1,4,2,2,2,1,36.709,1368
0479,2,2,1,4,2,2,2,2,36.643,1313
0480,2,2,2,1,1,1,1,1,42.238,1100
0481,2,2,2,1,1,1,1,2,43.739,1090
0482,2,2,2,1,1,1,2,1,44.424,1151
0483,2,2,2,1,1,1,2,2,45.224,1192
0484,2,2,2,1,1,2,1,1,44.807,1169
0485,2,2,2,1,1,2,1,2,43.065,1186
0486,2,2,2,1,1,2,2,1,45.522,1196
0487,2,2,2,1,1,2,2,2,42.634,1215
0488,2,2,2,1,2,1,1,1,42.792,1211
0489,2,2,2,1,2,1,1,2,43.771,1251
0490,2,2,2,1,2,1,2,1,47.488,1282
0491,2,2,2,1,2,1,2,2,43.201,1280
0492,2,2,2,1,2,2,1,1,42.975,1243
0493,2,2,2,1,2,2,1,2,42.091,1300
0494,2,2,2,1,2,2,2,1,44.233,1301
0495,2,2,2,1,2,2,2,2,45.472,1335
0496,2,2,2,2,1,1,1,1,42.966,1066
0497,2,2,2,2,1,1,1,2,44.583,1124
0498,2,2,2,2,1,1,2,1,43.576,1095
0499,2,2,2,2,1,1,2,2,44.113,1161
0500,2,2,2,2,1,2,1,1,41.825,1115
0501,2,2,2,2,1,2,1,2,43.306,1137
0502,2,2,2,2,1,2,2,1,44.201,1180
0503,2,2,2,2,1,2,2,2,44.579,1167
0504,2,2,2,2,2,1,1,1,43.402,1232
0505,2,2,2,2,2,1,1,2,42.364,1251
0506,2,2,2,2,2,1,2,1,44.132,1224
0507,2,2,2,2,2,1,2,2,43.802,1288
0508,2,2,2,2,2,2,1,1,43.725,1230
0509,2,2,2,2,2,2,1,2,43.982,1290
0510,2,2,2,2,2,2,2,1,44.053,1300
0511,2,2,2,2,2,2,2,2,44.187,1286
0512,2,2,2,4,1,1,1,1,37.532,1090
0513,2,2,2,4,1,1,1,2,36.221,1133
0514,2,2,2,4,1,1,2,1,36.884,1128
0515,2,2,2,4,1,1,2,2,36.783,1195
0516,2,2,2,4,1,2,1,1,37.507,1124
0517,2,2,2,4,1,2,1,2,37.302,1200
0518,2,2,2,4,1,2,2,1,38.494,1183
0519,2,2,2,4,1,2,2,2,39.735,1189
0520,2,2,2,4,2,1,1,1,35.551,1299
0521,2,2,2,4,2,1,1,2,36.283,1306
0522,2,2,2,4,2,1,2,1,36.246,1355
0523,2,2,2,4,2,1,2,2,36.227,1394
0524,2,2,2,4,2,2,1,1,35.521,1341
0525,2,2,2,4,2,2,1,2,36.611,1361
0526,2,2,2,4,2,2,2,1,37.049,1364
0527,2,2,2,4,2,2,2,2,38.240,1369
0528,2,2,4,1,1,1,1,1,42.121,1232
0529,2,2,4,1,1,1,1,2,42.307,1334
0530,2,2,4,1,1,1,2,1,43.337,1266
0531,2,2,4,1,1,1,2,2,44.140,1345
0532,2,2,4,1,1,2,1,1,41.846,1294
0533,2,2,4,1,1,2,1,2,42.138,1294
0534,2,2,4,1,1,2,2,1,44.401,1299
0535,2,2,4,1,1,2,2,2,44.122,1322
0536,2,2,4,1,2,1,1,1,42.255,1327
0537,2,2,4,1,2,1,1,2,42.207,1397
0538,2,2,4,1,2,1,2,1,44.312,1363
0539,2,2,4,1,2,1,2,2,43.897,1405
0540,2,2,4,1,2,2,1,1,41.884,1350
0541,2,2,4,1,2,2,1,2,42.277,1403
0542,2,2,4,1,2,2,2,1,43.511,1406
0543,2,2,4,1,2,2,2,2,44.405,1453
0544,2,2,4,2,1,1,1,1,31.787,1328
0545,2,2,4,2,1,1,1,2,30.341,1377
0546,2,2,4,2,1,1,2,1,32.584,1394
0547,2,2,4,2,1,1,2,2,32.559,1451
0548,2,2,4,2,1,2,1,1,31.270,1352
0549,2,2,4,2,1,2,1,2,31.092,1435
0550,2,2,4,2,1,2,2,1,32.270,1444
0551,2,2,4,2,1,2,2,2,32.381,1403
0552,2,2,4,2,2,1,1,1,32.340,1449
0553,2,2,4,2,2,1,1,2,30.768,1542
0554,2,2,4,2,2,1,2,1,32.045,1548
0555,2,2,4,2,2,1,2,2,33.101,1525
0556,2,2,4,2,2,2,1,1,31.281,1525
0557,2,2,4,2,2,2,1,2,31.597,1549
0558,2,2,4,2,2,2,2,1,32.376,1603
0559,2,2,4,2,2,2,2,2,32.387,1599
0560,2,2,4,4,1,1,1,1,31.128,1388
0561,2,2,4,4,1,1,1,2,31.027,1434
0562,2,2,4,4,1,1,2,1,31.851,1473
0563,2,2,4,4,1,1,2,2,32.519,1468
0564,2,2,4,4,1,2,1,1,32.317,1376
0565,2,2,4,4,1,2,1,2,31.179,1486
0566,2,2,4,4,1,2,2,1,32.319,1466
0567,2,2,4,4,1,2,2,2,31.926,1476
0568,2,2,4,4,2,1,1,1,31.190,1644
0569,2,2,4,4,2,1,1,2,30.669,1615
0570,2,2,4,4,2,1,2,1,33.500,1620
0571,2,2,4,4,2,1,2,2,32.445,1636
0572,2,2,4,4,2,2,1,1,32.013,1543
0573,2,2,4,4,2,2,1,2,32.274,1626
0574,2,2,4,4,2,2,2,1,31.482,1668
0575,2,2,4,4,2,2,2,2,32.534,1582
0576,2,4,1,1,1,1,1,1,37.145,1303
0577,2,4,1,1,1,1,1,2,36.485,1158
0578,2,4,1,1,1,1,2,1,37.929,1158
0579,2,4,1,1,1,1,2,2,37.674,1239
0580,2,4,1,1,1,2,1,1,36.726,1136
0581,2,4,1,1,1,2,1,2,39.012,1175
0582,2,4,1,1,1,2,2,1,37.742,1133
0583,2,4,1,1,1,2,2,2,38.040,1218
0584,2,4,1,1,2,1,1,1,36.769,1229
0585,2,4,1,1,2,1,1,2,35.618,1331
0586,2,4,1,1,2,1,2,1,38.577,1321
0587,2,4,1,1,2,1,2,2,37.318,1349
0588,2,4,1,1,2,2,1,1,36.485,1295
0589,2,4,1,1,2,2,1,2,36.224,1322
0590,2,4,1,1,2,2,2,1,37.738,1286
0591,2,4,1,1,2,2,2,2,37.766,1406
0592,2,4,1,2,1,1,1,1,37.731,1128
0593,2,4,1,2,1,1,1,2,37.583,1223
0594,2,4,1,2,1,1,2,1,39.449,1159
0595,2,4,1,2,1,1,2,2,37.251,1212
0596,2,4,1,2,1,2,1,1,37.964,1295
0597,2,4,1,2,1,2,1,2,38.369,1215
0598,2,4,1,2,1,2,2,1,38.501,1167
0599,2,4,1,2,1,2,2,2,39.260,1266
0600,2,4,1,2,2,1,1,1,36.946,1227
0601,2,4,1,2,2,1,1,2,36.911,1314
0602,2,4,1,2,2,1,2,1,38.023,1269
0603,2,4,1,2,2,1,2,2,38.768,1336
0604,2,4,1,2,2,2,1,1,37.591,1231
0605,2,4,1,2,2,2,1,2,38.425,1334
0606,2,4,1,2,2,2,2,1,37.350,1311
0607,2,4,1,2,2,2,2,2,36.029,1374
0608,2,4,1,4,1,1,1,1,36.520,1141
0609,2,4,1,4,1,1,1,2,36.251,1217
0610,2,4,1,4,1,1,2,1,38.594,1350
0611,2,4,1,4,1,1,2,2,37.905,1254
0612,2,4,1,4,1,2,1,1,38.123,1155
0613,2,4,1,4,1,2,1,2,38.805,1228
0614,2,4,1,4,1,2,2,1,39.043,1228
0615,2,4,1,4,1,2,2,2,38.455,1297
0616,2,4,1,4,2,1,1,1,36.512,1254
0617,2,4,1,4,2,1,1,2,36.035,1352
0618,2,4,1,4,2,1,2,1,37.722,1374
0619,2,4,1,4,2,1,2,2,36.472,1451
0620,2,4,1,4,2,2,1,1,36.008,1310
0621,2,4,1,4,2,2,1,2,37.566,1393
0622,2,4,1,4,2,2,2,1,36.499,1389
0623,2,4,1,4,2,2,2,2,35.908,1440
0624,2,4,2,1,1,1,1,1,43.979,1232
0625,2,4,2,1,1,1,1,2,44.160,1306
0626,2,4,2,1,1,1,2,1,44.974,1245
0627,2,4,2,1,1,1,2,2,44.337,1339
0628,2,4,2,1,1,2,1,1,43.206,1252
0629,2,4,2,1,1,2,1,2,44.263,1368
0630,2,4,2,1,1,2,2,1,44.328,1275
0631,2,4,2,1,1,2,2,2,44.632,1371
0632,2,4,2,1,2,1,1,1,43.291,1428
0633,2,4,2,1,2,1,1,2,44.151,1422
0634,2,4,2,1,2,1,2,1,44.132,1467
0635,2,4,2,1,2,1,2,2,45.106,1470
0636,2,4,2,1,2,2,1,1,42.104,1535
0637,2,4,2,1,2,2,1,2,44.627,1446
0638,2,4,2,1,2,2,2,1,45.330,1451
0639,2,4,2,1,2,2,2,2,44.955,1545
0640,2,4,2,2,1,1,1,1,42.966,1235
0641,2,4,2,2,1,1,1,2,43.028,1345
0642,2,4,2,2,1,1,2,1,45.445,1264
0643,2,4,2,2,1,1,2,2,45.677,1394
0644,2,4,2,2,1,2,1,1,42.062,1290
0645,2,4,2,2,1,2,1,2,44.546,1355
0646,2,4,2,2,1,2,2,1,44.042,1263
0647,2,4,2,2,1,2,2,2,45.878,1347
0648,2,4,2,2,2,1,1,1,43.575,1404
0649,2,4,2,2,2,1,1,2,42.611,1461
0650,2,4,2,2,2,1,2,1,45.571,1477
0651,2,4,2,2,2,1,2,2,45.760,1491
0652,2,4,2,2,2,2,1,1,43.607,1472
0653,2,4,2,2,2,2,1,2,43.872,1521
0654,2,4,2,2,2,2,2,1,44.753,1449
0655,2,4,2,2,2,2,2,2,44.861,1581
0656,2,4,2,4,1,1,1,1,37.399,1270
0657,2,4,2,4,1,1,1,2,37.428,1338
0658,2,4,2,4,1,1,2,1,38.484,1285
0659,2,4,2,4,1,1,2,2,37.541,1379
0660,2,4,2,4,1,2,1,1,38.229,1227
0661,2,4,2,4,1,2,1,2,37.318,1337
0662,2,4,2,4,1,2,2,1,39.008,1322
0663,2,4,2,4,1,2,2,2,36.010,1432
0664,2,4,2,4,2,1,1,1,36.648,1585
0665,2,4,2,4,2,1,1,2,38.178,1510
0666,2,4,2,4,2,1,2,1,38.883,1523
0667,2,4,2,4,2,1,2,2,38.606,1596
0668,2,4,2,4,2,2,1,1,37.391,1485
0669,2,4,2,4,2,2,1,2,35.680,1581
0670,2,4,2,4,2,2,2,1,37.421,1615
0671,2,4,2,4,2,2,2,2,36.951,1673
0672,2,4,4,1,1,1,1,1,42.270,1301
0673,2,4,4,1,1,1,1,2,42.983,1417
0674,2,4,4,1,1,1,2,1,44.401,1400
0675,2,4,4,1,1,1,2,2,44.383,1451
0676,2,4,4,1,1,2,1,1,42.650,1372
0677,2,4,4,1,1,2,1,2,43.928,1416
0678,2,4,4,1,1,2,2,1,44.852,1432
0679,2,4,4,1,1,2,2,2,44.128,1481
0680,2,4,4,1,2,1,1,1,43.630,1560
0681,2,4,4,1,2,1,1,2,43.072,1599
0682,2,4,4,1,2,1,2,1,43.638,1616
0683,2,4,4,1,2,1,2,2,45.021,1610
0684,2,4,4,1,2,2,1,1,41.885,1531
0685,2,4,4,1,2,2,1,2,42.041,1669
0686,2,4,4,1,2,2,2,1,44.209,1576
0687,2,4,4,1,2,2,2,2,43.879,1641
0688,2,4,4,2,1,1,1,1,31.828,1484
0689,2,4,4,2,1,1,1,2,32.442,1572
0690,2,4,4,2,1,1,2,1,32.370,1572
0691,2,4,4,2,1,1,2,2,32.442,1601
0692,2,4,4,2,1,2,1,1,31.986,1478
0693,2,4,4,2,1,2,1,2,32.116,1579
0694,2,4,4,2,1,2,2,1,33.541,1579
0695,2,4,4,2,1,2,2,2,32.168,1611
0696,2,4,4,2,2,1,1,1,31.688,1520
0697,2,4,4,2,2,1,1,2,32.107,1625
0698,2,4,4,2,2,1,2,1,32.946,1628
0699,2,4,4,2,2,1,2,2,31.978,1649
0700,2,4,4,2,2,2,1,1,31.473,1614
0701,2,4,4,2,2,2,1,2,32.061,1626
0702,2,4,4,2,2,2,2,1,31.940,1709
0703,2,4,4,2,2,2,2,2,32.494,1738
0704,2,4,4,4,1,1,1,1,31.836,1435
0705,2,4,4,4,1,1,1,2,31.722,1522
0706,2,4,4,4,1,1,2,1,32.481,1563
0707,2,4,4,4,1,1,2,2,33.578,1633
0708,2,4,4,4,1,2,1,1,32.109,1497
0709,2,4,4,4,1,2,1,2,31.617,1578
0710,2,4,4,4,1,2,2,1,32.763,1522
0711,2,4,4,4,1,2,2,2,32.650,1631
0712,2,4,4,4,2,1,1,1,31.875,1678
0713,2,4,4,4,2,1,1,2,32.969,1763
0714,2,4,4,4,2,1,2,1,33.413,1684
0715,2,4,4,4,2,1,2,2,33.620,1780
0716,2,4,4,4,2,2,1,1,31.662,1673
0717,2,4,4,4,2,2,1,2,31.477,1774
0718,2,4,4,4,2,2,2,1,32.284,1777
0719,2,4,4,4,2,2,2,2,33.163,1815
0720,2,8,1,1,1,1,1,1,23.295,1342
0721,2,8,1,1,1,1,1,2,22.340,1380
0722,2,8,1,1,1,1,2,1,23.714,1434
0723,2,8,1,1,1,1,2,2,23.812,1595
0724,2,8,1,1,1,2,1,1,24.020,1321
0725,2,8,1,1,1,2,1,2,23.151,1477
0726,2,8,1,1,1,2,2,1,23.252,1425
0727,2,8,1,1,1,2,2,2,23.259,1541
0728,2,8,1,1,2,1,1,1,22.992,1463
0729,2,8,1,1,2,1,1,2,23.662,1593
0730,2,8,1,1,2,1,2,1,23.676,1500
0731,2,8,1,1,2,1,2,2,23.847,1643
0732,2,8,1,1,2,2,1,1,22.233,1438
0733,2,8,1,1,2,2,1,2,22.829,1566
0734,2,8,1,1,2,2,2,1,23.500,1554
0735,2,8,1,1,2,2,2,2,23.818,1675
0736,2,8,1,2,1,1,1,1,22.986,1318
0737,2,8,1,2,1,1,1,2,23.023,1441
0738,2,8,1,2,1,1,2,1,24.019,1408
0739,2,8,1,2,1,1,2,2,23.880,1502
0740,2,8,1,2,1,2,1,1,23.584,1384
0741,2,8,1,2,1,2,1,2,22.658,1454
0742,2,8,1,2,1,2,2,1,23.889,1452
0743,2,8,1,2,1,2,2,2,24.009,1503
0744,2,8,1,2,2,1,1,1,22.610,1383
0745,2,8,1,2,2,1,1,2,22.791,1569
0746,2,8,1,2,2,1,2,1,23.662,1496
0747,2,8,1,2,2,1,2,2,23.729,1613
0748,2,8,1,2,2,2,1,1,23.139,1529
0749,2,8,1,2,2,2,1,2,23.906,1542
0750,2,8,1,2,2,2,2,1,23.989,1562
0751,2,8,1,2,2,2,2,2,23.702,1685
0752,2,8,1,4,1,1,1,1,23.461,1300
0753,2,8,1,4,1,1,1,2,23.902,1465
0754,2,8,1,4,1,1,2,1,23.703,1407
0755,2,8,1,4,1,1,2,2,23.558,1561
0756,2,8,1,4,1,2,1,1,22.596,1373
0757,2,8,1,4,1,2,1,2,24.015,1465
0758,2,8,1,4,1,2,2,1,23.262,1433
0759,2,8,1,4,1,2,2,2,23.793,1548
0760,2,8,1,4,2,1,1,1,23.254,1533
0761,2,8,1,4,2,1,1,2,23.634,1675
0762,2,8,1,4,2,1,2,1,23.299,1665
0763,2,8,1,4,2,1,2,2,23.414,1664
0764,2,8,1,4,2,2,1,1,23.247,1518
0765,2,8,1,4,2,2,1,2,23.189,1644
0766,2,8,1,4,2,2,2,1,23.369,1673
0767,2,8,1,4,2,2,2,2,23.001,1691
0768,2,8,2,1,1,1,1,1,27.858,1491
0769,2,8,2,1,1,1,1,2,28.071,1530
0770,2,8,2,1,1,1,2,1,28.423,1596
0771,2,8,2,1,1,1,2,2,27.946,1581
0772,2,8,2,1,1,2,1,1,27.822,1469
0773,2,8,2,1,1,2,1,2,27.668,1580
0774,2,8,2,1,1,2,2,1,27.663,1572
0775,2,8,2,1,1,2,2,2,28.604,1609
0776,2,8,2,1,2,1,1,1,27.631,1578
0777,2,8,2,1,2,1,1,2,27.546,1654
0778,2,8,2,1,2,1,2,1,27.765,1699
0779,2,8,2,1,2,1,2,2,27.277,1738
0780,2,8,2,1,2,2,1,1,28.327,1598
0781,2,8,2,1,2,2,1,2,27.788,1778
0782,2,8,2,1,2,2,2,1,27.692,1738
0783,2,8,2,1,2,2,2,2,26.870,1837
0784,2,8,2,2,1,1,1,1,27.881,1368
0785,2,8,2,2,1,1,1,2,27.877,1494
0786,2,8,2,2,1,1,2,1,27.781,1542
0787,2,8,2,2,1,1,2,2,27.970,1601
0788,2,8,2,2,1,2,1,1,27.824,1441
0789,2,8,2,2,1,2,1,2,27.653,1517
0790,2,8,2,2,1,2,2,1,28.224,1447
0791,2,8,2,2,1,2,2,2,28.230,1594
0792,2,8,2,2,2,1,1,1,26.989,1551
0793,2,8,2,2,2,1,1,2,27.710,1713
0794,2,8,2,2,2,1,2,1,28.141,1665
0795,2,8,2,2,2,1,2,2,28.018,1766
0796,2,8,2,2,2,2,1,1,27.273,1584
0797,2,8,2,2,2,2,1,2,27.057,1732
0798,2,8,2,2,2,2,2,1,28.804,1667
0799,2,8,2,2,2,2,2,2,28.707,1780
0800,2,8,2,4,1,1,1,1,23.293,1451
0801,2,8,2,4,1,1,1,2,23.278,1599
0802,2,8,2,4,1,1,2,1,24.009,1669
0803,2,8,2,4,1,1,2,2,23.448,1745
0804,2,8,2,4,1,2,1,1,23.005,1545
0805,2,8,2,4,1,2,1,2,22.526,1647
0806,2,8,2,4,1,2,2,1,23.837,1764
0807,2,8,2,4,1,2,2,2,23.466,1685
0808,2,8,2,4,2,1,1,1,21.961,1661
0809,2,8,2,4,2,1,1,2,22.726,1757
0810,2,8,2,4,2,1,2,1,23.369,1734
0811,2,8,2,4,2,1,2,2,24.156,1821
0812,2,8,2,4,2,2,1,1,23.416,1760
0813,2,8,2,4,2,2,1,2,22.694,1771
0814,2,8,2,4,2,2,2,1,23.561,1876
0815,2,8,2,4,2,2,2,2,23.391,1864
0816,2,8,4,1,1,1,1,1,27.955,1760
0817,2,8,4,1,1,1,1,2,27.596,1716
0818,2,8,4,1,1,1,2,1,28.040,1773
0819,2,8,4,1,1,1,2,2,29.074,1893
0820,2,8,4,1,1,2,1,1,27.640,1623
0821,2,8,4,1,1,2,1,2,26.606,1810
0822,2,8,4,1,1,2,2,1,27.846,1853
0823,2,8,4,1,1,2,2,2,27.952,1984
0824,2,8,4,1,2,1,1,1,27.749,1792
0825,2,8,4,1,2,1,1,2,28.723,1997
0826,2,8,4,1,2,1,2,1,28.131,1906
0827,2,8,4,1,2,1,2,2,27.516,1969
0828,2,8,4,1,2,2,1,1,27.925,1896
0829,2,8,4,1,2,2,1,2,27.545,2021
0830,2,8,4,1,2,2,2,1,28.555,2004
0831,2,8,4,1,2,2,2,2,27.948,2076
0832,2,8,4,2,1,1,1,1,28.631,1611
0833,2,8,4,2,1,1,1,2,28.528,1729
0834,2,8,4,2,1,1,2,1,29.403,1677
0835,2,8,4,2,1,1,2,2,29.930,1804
0836,2,8,4,2,1,2,1,1,28.943,1624
0837,2,8,4,2,1,2,1,2,28.949,1747
0838,2,8,4,2,1,2,2,1,30.104,1711
0839,2,8,4,2,1,2,2,2,30.281,1917
0840,2,8,4,2,2,1,1,1,28.998,1801
0841,2,8,4,2,2,1,1,2,28.911,1946
0842,2,8,4,2,2,1,2,1,30.442,1906
0843,2,8,4,2,2,1,2,2,29.854,1994
0844,2,8,4,2,2,2,1,1,28.869,1934
0845,2,8,4,2,2,2,1,2,29.122,1965
0846,2,8,4,2,2,2,2,1,29.106,1971
0847,2,8,4,2,2,2,2,2,30.098,2080
0848,2,8,4,4,1,1,1,1,28.976,1694
0849,2,8,4,4,1,1,1,2,28.547,1819
0850,2,8,4,4,1,1,2,1,28.744,1766
0851,2,8,4,4,1,1,2,2,28.910,1912
0852,2,8,4,4,1,2,1,1,28.752,1737
0853,2,8,4,4,1,2,1,2,29.019,1861
0854,2,8,4,4,1,2,2,1,29.445,1879
0855,2,8,4,4,1,2,2,2,29.879,1983
0856,2,8,4,4,2,1,1,1,28.514,1948
0857,2,8,4,4,2,1,1,2,29.518,2047
0858,2,8,4,4,2,1,2,1,28.617,2006
0859,2,8,4,4,2,1,2,2,29.758,2100
0860,2,8,4,4,2,2,1,1,28.374,1902
0861,2,8,4,4,2,2,1,2,28.568,2043
0862,2,8,4,4,2,2,2,1,29.754,2006
0863,2,8,4,4,2,2,2,2,29.461,2080
0864,4,1,1,1,1,1,1,1,36.354,935
0865,4,1,1,1,1,1,1,2,36.510,869
0866,4,1,1,1,1,1,2,1,36.496,871
0867,4,1,1,1,1,1,2,2,36.822,897
0868,4,1,1,1,1,2,1,1,35.681,956
0869,4,1,1,1,1,2,1,2,37.436,907
0870,4,1,1,1,1,2,2,1,36.188,913
0871,4,1,1,1,1,2,2,2,37.814,912
0872,4,1,1,1,2,1,1,1,35.935,944
0873,4,1,1,1,2,1,1,2,36.098,972
0874,4,1,1,1,2,1,2,1,36.933,1008
0875,4,1,1,1,2,1,2,2,37.221,1047
0876,4,1,1,1,2,2,1,1,36.706,965
0877,4,1,1,1,2,2,1,2,35.729,1030
0878,4,1,1,1,2,2,2,1,36.984,1051
0879,4,1,1,1,2,2,2,2,37.638,1049
0880,4,1,1,2,1,1,1,1,35.964,839
0881,4,1,1,2,1,1,1,2,37.101,886
0882,4,1,1,2,1,1,2,1,35.724,895
0883,4,1,1,2,1,1,2,2,38.504,902
0884,4,1,1,2,1,2,1,1,37.436,881
0885,4,1,1,2,1,2,1,2,35.835,917
0886,4,1,1,2,1,2,2,1,36.262,890
0887,4,1,1,2,1,2,2,2,38.367,955
0888,4,1,1,2,2,1,1,1,37.395,950
0889,4,1,1,2,2,1,1,2,36.057,996
0890,4,1,1,2,2,1,2,1,37.164,967
0891,4,1,1,2,2,1,2,2,39.246,1029
0892,4,1,1,2,2,2,1,1,37.089,969
0893,4,1,1,2,2,2,1,2,36.241,1037
0894,4,1,1,2,2,2,2,1,36.621,1000
0895,4,1,1,2,2,2,2,2,36.875,1095
0896,4,1,1,4,1,1,1,1,37.097,878
0897,4,1,1,4,1,1,1,2,36.381,909
0898,4,1,1,4,1,1,2,1,37.038,874
0899,4,1,1,4,1,1,2,2,37.040,899
0900,4,1,1,4,1,2,1,1,37.129,906
0901,4,1,1,4,1,2,1,2,36.576,1054
0902,4,1,1,4,1,2,2,1,37.341,927
0903,4,1,1,4,1,2,2,2,36.860,949
0904,4,1,1,4,2,1,1,1,37.089,1018
0905,4,1,1,4,2,1,1,2,37.208,1083
0906,4,1,1,4,2,1,2,1,36.273,1059
0907,4,1,1,4,2,1,2,2,36.047,1153
0908,4,1,1,4,2,2,1,1,35.846,1049
0909,4,1,1,4,2,2,1,2,37.046,1126
0910,4,1,1,4,2,2,2,1,35.604,1074
0911,4,1,1,4,2,2,2,2,36.625,1163
0912,4,1,2,1,1,1,1,1,43.905,941
0913,4,1,2,1,1,1,1,2,45.092,1012
0914,4,1,2,1,1,1,2,1,44.871,962
0915,4,1,2,1,1,1,2,2,44.229,1066
0916,4,1,2,1,1,2,1,1,44.005,978
0917,4,1,2,1,1,2,1,2,45.469,1019
0918,4,1,2,1,1,2,2,1,44.470,992
0919,4,1,2,1,1,2,2,2,44.914,1085
0920,4,1,2,1,2,1,1,1,43.819,1051
0921,4,1,2,1,2,1,1,2,44.627,1110
0922,4,1,2,1,2,1,2,1,45.682,1108
0923,4,1,2,1,2,1,2,2,46.706,1121
0924,4,1,2,1,2,2,1,1,44.849,1090
0925,4,1,2,1,2,2,1,2,43.388,1119
0926,4,1,2,1,2,2,2,1,46.884,1102
0927,4,1,2,1,2,2,2,2,44.624,1151
0928,4,1,2,2,1,1,1,1,44.291,953
0929,4,1,2,2,1,1,1,2,44.570,999
0930,4,1,2,2,1,1,2,1,44.919,958
0931,4,1,2,2,1,1,2,2,45.865,1041
0932,4,1,2,2,1,2,1,1,44.346,1002
0933,4,1,2,2,1,2,1,2,44.388,1035
0934,4,1,2,2,1,2,2,1,45.740,1003
0935,4,1,2,2,1,2,2,2,45.396,1049
0936,4,1,2,2,2,1,1,1,44.796,1076
0937,4,1,2,2,2,1,1,2,44.370,1120
0938,4,1,2,2,2,1,2,1,45.175,1151
0939,4,1,2,2,2,1,2,2,44.569,1149
0940,4,1,2,2,2,2,1,1,45.154,1131
0941,4,1,2,2,2,2,1,2,43.576,1165
0942,4,1,2,2,2,2,2,1,45.122,1162
0943,4,1,2,2,2,2,2,2,45.236,1179
0944,4,1,2,4,1,1,1,1,37.208,976
0945,4,1,2,4,1,1,1,2,36.924,1016
0946,4,1,2,4,1,1,2,1,35.655,1026
0947,4,1,2,4,1,1,2,2,37.959,1034
0948,4,1,2,4,1,2,1,1,36.423,1004
0949,4,1,2,4,1,2,1,2,36.641,1085
0950,4,1,2,4,1,2,2,1,36.439,1082
0951,4,1,2,4,1,2,2,2,38.011,1112
0952,4,1,2,4,2,1,1,1,35.987,1148
0953,4,1,2,4,2,1,1,2,37.476,1252
0954,4,1,2,4,2,1,2,1,36.522,1172
0955,4,1,2,4,2,1,2,2,37.987,1204
0956,4,1,2,4,2,2,1,1,36.507,1201
0957,4,1,2,4,2,2,1,2,36.241,1218
0958,4,1,2,4,2,2,2,1,37.529,1229
0959,4,1,2,4,2,2,2,2,37.507,1266
0960,4,1,4,1,1,1,1,1,44.673,1118
0961,4,1,4,1,1,1,1,2,43.822,1139
0962,4,1,4,1,1,1,2,1,43.906,1163
0963,4,1,4,1,1,1,2,2,44.771,1143
0964,4,1,4,1,1,2,1,1,43.368,1143
0965,4,1,4,1,1,2,1,2,43.217,1148
0966,4,1,4,1,1,2,2,1,45.036,1162
0967,4,1,4,1,1,2,2,2,45.838,1196
0968,4,1,4,1,2,1,1,1,43.515,1222
0969,4,1,4,1,2,1,1,2,42.815,1292
0970,4,1,4,1,2,1,2,1,44.092,1285
0971,4,1,4,1,2,1,2,2,44.519,1294
0972,4,1,4,1,2,2,1,1,43.623,1258
0973,4,1,4,1,2,2,1,2,44.963,1277
0974,4,1,4,1,2,2,2,1,42.917,1318
0975,4,1,4,1,2,2,2,2,44.469,1369
0976,4,1,4,2,1,1,1,1,44.059,1127
0977,4,1,4,2,1,1,1,2,43.350,1184
0978,4,1,4,2,1,1,2,1,44.142,1151
0979,4,1,4,2,1,1,2,2,44.419,1193
0980,4,1,4,2,1,2,1,1,43.623,1170
0981,4,1,4,2,1,2,1,2,44.820,1193
0982,4,1,4,2,1,2,2,1,43.481,1185
0983,4,1,4,2,1,2,2,2,44.665,1163
0984,4,1,4,2,2,1,1,1,44.096,1259
0985,4,1,4,2,2,1,1,2,44.018,1242
0986,4,1,4,2,2,1,2,1,44.233,1271
0987,4,1,4,2,2,1,2,2,45.242,1305
0988,4,1,4,2,2,2,1,1,44.257,1289
0989,4,1,4,2,2,2,1,2,44.877,1303
0990,4,1,4,2,2,2,2,1,43.230,1311
0991,4,1,4,2,2,2,2,2,44.478,1311
0992,4,1,4,4,1,1,1,1,43.727,1089
0993,4,1,4,4,1,1,1,2,44.206,1137
0994,4,1,4,4,1,1,2,1,44.993,1103
0995,4,1,4,4,1,1,2,2,44.324,1161
0996,4,1,4,4,1,2,1,1,43.085,1119
0997,4,1,4,4,1,2,1,2,44.425,1163
0998,4,1,4,4,1,2,2,1,45.313,1179
0999,4,1,4,4,1,2,2,2,45.360,1191
1000,4,1,4,4,2,1,1,1,44.996,1274
1001,4,1,4,4,2,1,1,2,43.421,1340
1002,4,1,4,4,2,1,2,1,44.589,1299
1003,4,1,4,4,2,1,2,2,45.242,1330
1004,4,1,4,4,2,2,1,1,42.998,1333
1005,4,1,4,4,2,2,1,2,43.641,1388
1006,4,1,4,4,2,2,2,1,43.060,1393
1007,4,1,4,4,2,2,2,2,45.017,1410
1008,4,2,1,1,1,1,1,1,37.059,1110
1009,4,2,1,1,1,1,1,2,34.924,1057
1010,4,2,1,1,1,1,2,1,36.829,1036
1011,4,2,1,1,1,1,2,2,37.138,1090
1012,4,2,1,1,1,2,1,1,36.946,1021
1013,4,2,1,1,1,2,1,2,37.135,1065
1014,4,2,1,1,1,2,2,1,38.247,1086
1015,4,2,1,1,1,2,2,2,37.719,1090
1016,4,2,1,1,2,1,1,1,37.683,1111
1017,4,2,1,1,2,1,1,2,35.929,1191
1018,4,2,1,1,2,1,2,1,36.624,1178
1019,4,2,1,1,2,1,2,2,36.840,1167
1020,4,2,1,1,2,2,1,1,36.334,1179
1021,4,2,1,1,2,2,1,2,35.107,1279
1022,4,2,1,1,2,2,2,1,36.895,1225
1023,4,2,1,1,2,2,2,2,36.693,1246
1024,4,2,1,2,1,1,1,1,37.804,1040
1025,4,2,1,2,1,1,1,2,35.175,1046
1026,4,2,1,2,1,1,2,1,41.777,1051
1027,4,2,1,2,1,1,2,2,36.848,1106
1028,4,2,1,2,1,2,1,1,38.078,1048
1029,4,2,1,2,1,2,1,2,38.407,1128
1030,4,2,1,2,1,2,2,1,36.701,1070
1031,4,2,1,2,1,2,2,2,37.000,1136
1032,4,2,1,2,2,1,1,1,38.459,1164
1033,4,2,1,2,2,1,1,2,35.659,1196
1034,4,2,1,2,2,1,2,1,39.830,1204
1035,4,2,1,2,2,1,2,2,37.887,1226
1036,4,2,1,2,2,2,1,1,37.034,1200
1037,4,2,1,2,2,2,1,2,35.332,1226
1038,4,2,1,2,2,2,2,1,38.298,1215
1039,4,2,1,2,2,2,2,2,37.444,1268
1040,4,2,1,4,1,1,1,1,37.452,1033
1041,4,2,1,4,1,1,1,2,37.934,1079
1042,4,2,1,4,1,1,2,1,38.252,1071
1043,4,2,1,4,1,1,2,2,38.449,1084
1044,4,2,1,4,1,2,1,1,38.967,1077
1045,4,2,1,4,1,2,1,2,37.825,1113
1046,4,2,1,4,1,2,2,1,39.284,1118
1047,4,2,1,4,1,2,2,2,38.068,1181
1048,4,2,1,4,2,1,1,1,36.081,1205
1049,4,2,1,4,2,1,1,2,35.441,1258
1050,4,2,1,4,2,1,2,1,37.784,1230
1051,4,2,1,4,2,1,2,2,38.252,1279
1052,4,2,1,4,2,2,1,1,36.501,1258
1053,4,2,1,4,2,2,1,2,35.925,1268
1054,4,2,1,4,2,2,2,1,36.778,1234
1055,4,2,1,4,2,2,2,2,37.545,1327
1056,4,2,2,1,1,1,1,1,45.177,1152
1057,4,2,2,1,1,1,1,2,42.865,1141
1058,4,2,2,1,1,1,2,1,45.566,1151
1059,4,2,2,1,1,1,2,2,43.317,1170
1060,4,2,2,1,1,2,1,1,43.210,1091
1061,4,2,2,1,1,2,1,2,44.487,1127
1062,4,2,2,1,1,2,2,1,44.302,1138
1063,4,2,2,1,1,2,2,2,45.772,1197
1064,4,2,2,1,2,1,1,1,45.721,1283
1065,4,2,2,1,2,1,1,2,43.057,1321
1066,4,2,2,1,2,1,2,1,43.827,1269
1067,4,2,2,1,2,1,2,2,43.198,1375
1068,4,2,2,1,2,2,1,1,43.935,1302
1069,4,2,2,1,2,2,1,2,42.799,1312
1070,4,2,2,1,2,2,2,1,43.624,1294
1071,4,2,2,1,2,2,2,2,44.367,1379
1072,4,2,2,2,1,1,1,1,43.441,1099
1073,4,2,2,2,1,1,1,2,44.188,1109
1074,4,2,2,2,1,1,2,1,46.140,1086
1075,4,2,2,2,1,1,2,2,42.661,1161
1076,4,2,2,2,1,2,1,1,43.809,1112
1077,4,2,2,2,1,2,1,2,43.930,1149
1078,4,2,2,2,1,2,2,1,45.183,1169
1079,4,2,2,2,1,2,2,2,44.214,1221
1080,4,2,2,2,2,1,1,1,41.640,1253
1081,4,2,2,2,2,1,1,2,42.231,1257
1082,4,2,2,2,2,1,2,1,44.712,1309
1083,4,2,2,2,2,1,2,2,45.371,1304
1084,4,2,2,2,2,2,1,1,44.791,1229
1085,4,2,2,2,2,2,1,2,42.799,1311
1086,4,2,2,2,2,2,2,1,43.917,1287
1087,4,2,2,2,2,2,2,2,44.996,1346
1088,4,2,2,4,1,1,1,1,35.574,1157
1089,4,2,2,4,1,1,1,2,37.220,1193
1090,4,2,2,4,1,1,2,1,38.658,1185
1091,4,2,2,4,1,1,2,2,39.848,1205
1092,4,2,2,4,1,2,1,1,37.022,1172
1093,4,2,2,4,1,2,1,2,36.622,1219
1094,4,2,2,4,1,2,2,1,39.195,1201
1095,4,2,2,4,1,2,2,2,38.039,1263
1096,4,2,2,4,2,1,1,1,36.272,1343
1097,4,2,2,4,2,1,1,2,35.350,1359
1098,4,2,2,4,2,1,2,1,36.593,1393
1099,4,2,2,4,2,1,2,2,36.720,1363
1100,4,2,2,4,2,2,1,1,35.756,1321
1101,4,2,2,4,2,2,1,2,35.408,1351
1102,4,2,2,4,2,2,2,1,36.985,1393
1103,4,2,2,4,2,2,2,2,36.091,1420
1104,4,2,4,1,1,1,1,1,42.892,1251
1105,4,2,4,1,1,1,1,2,41.526,1311
1106,4,2,4,1,1,1,2,1,45.001,1304
1107,4,2,4,1,1,1,2,2,44.557,1388
1108,4,2,4,1,1,2,1,1,43.089,1271
1109,4,2,4,1,1,2,1,2,42.803,1339
1110,4,2,4,1,1,2,2,1,43.112,1316
1111,4,2,4,1,1,2,2,2,43.748,1407
1112,4,2,4,1,2,1,1,1,42.178,1353
1113,4,2,4,1,2,1,1,2,42.239,1429
1114,4,2,4,1,2,1,2,1,43.825,1393
1115,4,2,4,1,2,1,2,2,43.408,1443
1116,4,2,4,1,2,2,1,1,42.200,1429
1117,4,2,4,1,2,2,1,2,41.626,1475
1118,4,2,4,1,2,2,2,1,44.389,1465
1119,4,2,4,1,2,2,2,2,43.235,1502
1120,4,2,4,2,1,1,1,1,31.508,1407
1121,4,2,4,2,1,1,1,2,31.363,1472
1122,4,2,4,2,1,1,2,1,31.969,1402
1123,4,2,4,2,1,1,2,2,31.298,1432
1124,4,2,4,2,1,2,1,1,31.590,1420
1125,4,2,4,2,1,2,1,2,31.586,1477
1126,4,2,4,2,1,2,2,1,31.890,1439
1127,4,2,4,2,1,2,2,2,32.884,1508
1128,4,2,4,2,2,1,1,1,32.395,1434
1129,4,2,4,2,2,1,1,2,32.490,1435
1130,4,2,4,2,2,1,2,1,33.010,1452
1131,4,2,4,2,2,1,2,2,35.056,1495
1132,4,2,4,2,2,2,1,1,33.002,1430
1133,4,2,4,2,2,2,1,2,32.205,1500
1134,4,2,4,2,2,2,2,1,33.679,1467
1135,4,2,4,2,2,2,2,2,32.494,1520
1136,4,2,4,4,1,1,1,1,31.463,1362
1137,4,2,4,4,1,1,1,2,31.937,1435
1138,4,2,4,4,1,1,2,1,32.172,1418
1139,4,2,4,4,1,1,2,2,32.036,1483
1140,4,2,4,4,1,2,1,1,31.631,1413
1141,4,2,4,4,1,2,1,2,31.414,1484
1142,4,2,4,4,1,2,2,1,32.109,1443
1143,4,2,4,4,1,2,2,2,32.196,1483
1144,4,2,4,4,2,1,1,1,30.437,1548
1145,4,2,4,4,2,1,1,2,32.506,1585
1146,4,2,4,4,2,1,2,1,31.826,1682
1147,4,2,4,4,2,1,2,2,31.860,1670
1148,4,2,4,4,2,2,1,1,31.468,1682
1149,4,2,4,4,2,2,1,2,31.901,1652
1150,4,2,4,4,2,2,2,1,32.226,1678
1151,4,2,4,4,2,2,2,2,32.105,1711
1152,4,4,1,1,1,1,1,1,38.513,1097
1153,4,4,1,1,1,1,1,2,37.701,1208
1154,4,4,1,1,1,1,2,1,36.801,1138
1155,4,4,1,1,1,1,2,2,37.678,1225
1156,4,4,1,1,1,2,1,1,37.598,1110
1157,4,4,1,1,1,2,1,2,38.246,1204
1158,4,4,1,1,1,2,2,1,37.141,1177
1159,4,4,1,1,1,2,2,2,37.826,1226
1160,4,4,1,1,2,1,1,1,36.042,1231
1161,4,4,1,1,2,1,1,2,36.421,1290
1162,4,4,1,1,2,1,2,1,36.472,1264
1163,4,4,1,1,2,1,2,2,36.660,1345
1164,4,4,1,1,2,2,1,1,36.761,1255
1165,4,4,1,1,2,2,1,2,36.463,1313
1166,4,4,1,1,2,2,2,1,36.702,1303
1167,4,4,1,1,2,2,2,2,37.447,1346
1168,4,4,1,2,1,1,1,1,36.910,1118
1169,4,4,1,2,1,1,1,2,38.837,1179
1170,4,4,1,2,1,1,2,1,36.862,1145
1171,4,4,1,2,1,1,2,2,39.186,1231
1172,4,4,1,2,1,2,1,1,39.442,1182
1173,4,4,1,2,1,2,1,2,36.738,1222
1174,4,4,1,2,1,2,2,1,38.941,1348
1175,4,4,1,2,1,2,2,2,38.694,1287
1176,4,4,1,2,2,1,1,1,38.153,1279
1177,4,4,1,2,2,1,1,2,37.870,1318
1178,4,4,1,2,2,1,2,1,36.415,1258
1179,4,4,1,2,2,1,2,2,36.622,1323
1180,4,4,1,2,2,2,1,1,37.107,1257
1181,4,4,1,2,2,2,1,2,37.664,1324
1182,4,4,1,2,2,2,2,1,39.061,1308
1183,4,4,1,2,2,2,2,2,37.082,1361
1184,4,4,1,4,1,1,1,1,37.853,1185
1185,4,4,1,4,1,1,1,2,39.782,1241
1186,4,4,1,4,1,1,2,1,37.305,1193
1187,4,4,1,4,1,1,2,2,37.678,1235
1188,4,4,1,4,1,2,1,1,38.153,1163
1189,4,4,1,4,1,2,1,2,38.292,1230
1190,4,4,1,4,1,2,2,1,39.160,1233
1191,4,4,1,4,1,2,2,2,37.125,1318
1192,4,4,1,4,2,1,1,1,36.383,1318
1193,4,4,1,4,2,1,1,2,36.718,1367
1194,4,4,1,4,2,1,2,1,38.392,1301
1195,4,4,1,4,2,1,2,2,37.028,1416
1196,4,4,1,4,2,2,1,1,36.890,1335
1197,4,4,1,4,2,2,1,2,35.076,1413
1198,4,4,1,4,2,2,2,1,38.534,1361
1199,4,4,1,4,2,2,2,2,37.372,1422
1200,4,4,2,1,1,1,1,1,44.836,1221
1201,4,4,2,1,1,1,1,2,44.002,1296
1202,4,4,2,1,1,1,2,1,46.558,1214
1203,4,4,2,1,1,1,2,2,44.414,1378
1204,4,4,2,1,1,2,1,1,43.434,1219
1205,4,4,2,1,1,2,1,2,44.293,1348
1206,4,4,2,1,1,2,2,1,45.813,1289
1207,4,4,2,1,1,2,2,2,46.018,1372
1208,4,4,2,1,2,1,1,1,43.438,1370
1209,4,4,2,1,2,1,1,2,44.717,1466
1210,4,4,2,1,2,1,2,1,45.275,1454
1211,4,4,2,1,2,1,2,2,45.663,1509
1212,4,4,2,1,2,2,1,1,43.668,1433
1213,4,4,2,1,2,2,1,2,44.131,1517
1214,4,4,2,1,2,2,2,1,46.096,1502
1215,4,4,2,1,2,2,2,2,46.224,1588
1216,4,4,2,2,1,1,1,1,43.286,1233
1217,4,4,2,2,1,1,1,2,43.600,1281
1218,4,4,2,2,1,1,2,1,46.229,1259
1219,4,4,2,2,1,1,2,2,44.529,1337
1220,4,4,2,2,1,2,1,1,43.823,1254
1221,4,4,2,2,1,2,1,2,43.979,1317
1222,4,4,2,2,1,2,2,1,47.578,1285
1223,4,4,2,2,1,2,2,2,46.413,1462
1224,4,4,2,2,2,1,1,1,43.914,1406
1225,4,4,2,2,2,1,1,2,44.999,1533
1226,4,4,2,2,2,1,2,1,44.319,1421
1227,4,4,2,2,2,1,2,2,45.876,1566
1228,4,4,2,2,2,2,1,1,44.622,1447
1229,4,4,2,2,2,2,1,2,44.836,1559
1230,4,4,2,2,2,2,2,1,45.774,1497
1231,4,4,2,2,2,2,2,2,44.625,1483
1232,4,4,2,4,1,1,1,1,37.400,1238
1233,4,4,2,4,1,1,1,2,37.472,1296
1234,4,4,2,4,1,1,2,1,38.367,1309
1235,4,4,2,4,1,1,2,2,37.714,1354
1236,4,4,2,4,1,2,1,1,36.918,1276
1237,4,4,2,4,1,2,1,2,36.734,1384
1238,4,4,2,4,1,2,2,1,38.551,1323
1239,4,4,2,4,1,2,2,2,37.972,1436
1240,4,4,2,4,2,1,1,1,38.561,1446
1241,4,4,2,4,2,1,1,2,38.381,1556
1242,4,4,2,4,2,1,2,1,37.602,1484
1243,4,4,2,4,2,1,2,2,38.501,1633
1244,4,4,2,4,2,2,1,1,36.937,1530
1245,4,4,2,4,2,2,1,2,37.754,1592
1246,4,4,2,4,2,2,2,1,38.975,1581
1247,4,4,2,4,2,2,2,2,36.955,1647
1248,4,4,4,1,1,1,1,1,42.824,1351
1249,4,4,4,1,1,1,1,2,44.452,1432
1250,4,4,4,1,1,1,2,1,45.542,1371
1251,4,4,4,1,1,1,2,2,45.119,1424
1252,4,4,4,1,1,2,1,1,43.474,1407
1253,4,4,4,1,1,2,1,2,43.569,1470
1254,4,4,4,1,1,2,2,1,44.918,1442
1255,4,4,4,1,1,2,2,2,45.011,1426
1256,4,4,4,1,2,1,1,1,42.315,1470
1257,4,4,4,1,2,1,1,2,43.065,1629
1258,4,4,4,1,2,1,2,1,45.086,1543
1259,4,4,4,1,2,1,2,2,45.124,1662
1260,4,4,4,1,2,2,1,1,43.047,1565
1261,4,4,4,1,2,2,1,2,44.594,1631
1262,4,4,4,1,2,2,2,1,45.228,1617
1263,4,4,4,1,2,2,2,2,43.616,1668
1264,4,4,4,2,1,1,1,1,32.040,1450
1265,4,4,4,2,1,1,1,2,31.692,1544
1266,4,4,4,2,1,1,2,1,33.374,1559
1267,4,4,4,2,1,1,2,2,33.625,1644
1268,4,4,4,2,1,2,1,1,32.301,1485
1269,4,4,4,2,1,2,1,2,32.749,1526
1270,4,4,4,2,1,2,2,1,33.081,1535
1271,4,4,4,2,1,2,2,2,33.528,1661
1272,4,4,4,2,2,1,1,1,31.249,1609
1273,4,4,4,2,2,1,1,2,32.224,1625
1274,4,4,4,2,2,1,2,1,33.000,1744
1275,4,4,4,2,2,1,2,2,33.119,1719
1276,4,4,4,2,2,2,1,1,32.728,1641
1277,4,4,4,2,2,2,1,2,32.831,1730
1278,4,4,4,2,2,2,2,1,33.108,1685
1279,4,4,4,2,2,2,2,2,33.618,1763
1280,4,4,4,4,1,1,1,1,32.555,1486
1281,4,4,4,4,1,1,1,2,32.178,1543
1282,4,4,4,4,1,1,2,1,33.174,1566
1283,4,4,4,4,1,1,2,2,33.253,1626
1284,4,4,4,4,1,2,1,1,32.683,1520
1285,4,4,4,4,1,2,1,2,32.321,1588
1286,4,4,4,4,1,2,2,1,33.061,1562
1287,4,4,4,4,1,2,2,2,33.511,1658
1288,4,4,4,4,2,1,1,1,31.809,1700
1289,4,4,4,4,2,1,1,2,31.592,1778
1290,4,4,4,4,2,1,2,1,33.390,1733
1291,4,4,4,4,2,1,2,2,32.902,1791
1292,4,4,4,4,2,2,1,1,32.579,1722
1293,4,4,4,4,2,2,1,2,32.400,1784
1294,4,4,4,4,2,2,2,1,33.868,1702
1295,4,4,4,4,2,2,2,2,34.271,1791
1296,4,8,1,1,1,1,1,1,23.410,1400
1297,4,8,1,1,1,1,1,2,22.011,1474
1298,4,8,1,1,1,1,2,1,24.537,1475
1299,4,8,1,1,1,1,2,2,24.087,1554
1300,4,8,1,1,1,2,1,1,23.907,1648
1301,4,8,1,1,1,2,1,2,23.176,1517
1302,4,8,1,1,1,2,2,1,23.544,1468
1303,4,8,1,1,1,2,2,2,23.974,1566
1304,4,8,1,1,2,1,1,1,23.776,1594
1305,4,8,1,1,2,1,1,2,23.556,1658
1306,4,8,1,1,2,1,2,1,23.792,1695
1307,4,8,1,1,2,1,2,2,23.908,1738
1308,4,8,1,1,2,2,1,1,23.000,1551
1309,4,8,1,1,2,2,1,2,23.408,1636
1310,4,8,1,1,2,2,2,1,23.313,1653
1311,4,8,1,1,2,2,2,2,24.295,1693
1312,4,8,1,2,1,1,1,1,23.690,1418
1313,4,8,1,2,1,1,1,2,23.601,1494
1314,4,8,1,2,1,1,2,1,23.778,1538
1315,4,8,1,2,1,1,2,2,24.188,1586
1316,4,8,1,2,1,2,1,1,23.599,1444
1317,4,8,1,2,1,2,1,2,23.277,1541
1318,4,8,1,2,1,2,2,1,23.836,1567
1319,4,8,1,2,1,2,2,2,23.200,1630
1320,4,8,1,2,2,1,1,1,23.729,1495
1321,4,8,1,2,2,1,1,2,23.483,1677
1322,4,8,1,2,2,1,2,1,22.699,1532
1323,4,8,1,2,2,1,2,2,23.871,1710
1324,4,8,1,2,2,2,1,1,23.608,1530
1325,4,8,1,2,2,2,1,2,23.512,1595
1326,4,8,1,2,2,2,2,1,23.781,1632
1327,4,8,1,2,2,2,2,2,23.654,1680
1328,4,8,1,4,1,1,1,1,23.425,1648
1329,4,8,1,4,1,1,1,2,23.131,1494
1330,4,8,1,4,1,1,2,1,22.751,1498
1331,4,8,1,4,1,1,2,2,23.154,1582
1332,4,8,1,4,1,2,1,1,23.495,1541
1333,4,8,1,4,1,2,1,2,23.711,1552
1334,4,8,1,4,1,2,2,1,23.754,1564
1335,4,8,1,4,1,2,2,2,23.661,1628
1336,4,8,1,4,2,1,1,1,23.640,1631
1337,4,8,1,4,2,1,1,2,23.480,1646
1338,4,8,1,4,2,1,2,1,23.084,1598
1339,4,8,1,4,2,1,2,2,23.568,1787
1340,4,8,1,4,2,2,1,1,23.608,1637
1341,4,8,1,4,2,2,1,2,22.992,1684
1342,4,8,1,4,2,2,2,1,23.292,1643
1343,4,8,1,4,2,2,2,2,24.186,1789
1344,4,8,2,1,1,1,1,1,28.099,1624
1345,4,8,2,1,1,1,1,2,28.644,1569
1346,4,8,2,1,1,1,2,1,28.261,1795
1347,4,8,2,1,1,1,2,2,27.773,1719
1348,4,8,2,1,1,2,1,1,28.183,1543
1349,4,8,2,1,1,2,1,2,27.610,1586
1350,4,8,2,1,1,2,2,1,29.406,1607
1351,4,8,2,1,1,2,2,2,28.716,1758
1352,4,8,2,1,2,1,1,1,26.996,1713
1353,4,8,2,1,2,1,1,2,28.097,1796
1354,4,8,2,1,2,1,2,1,28.806,1700
1355,4,8,2,1,2,1,2,2,29.362,1868
1356,4,8,2,1,2,2,1,1,28.228,1736
1357,4,8,2,1,2,2,1,2,26.890,1872
1358,4,8,2,1,2,2,2,1,27.822,1805
1359,4,8,2,1,2,2,2,2,28.314,1878
1360,4,8,2,2,1,1,1,1,27.754,1453
1361,4,8,2,2,1,1,1,2,27.543,1615
1362,4,8,2,2,1,1,2,1,27.765,1563
1363,4,8,2,2,1,1,2,2,29.145,1687
1364,4,8,2,2,1,2,1,1,27.442,1516
1365,4,8,2,2,1,2,1,2,28.316,1637
1366,4,8,2,2,1,2,2,1,27.820,1599
1367,4,8,2,2,1,2,2,2,28.116,1673
1368,4,8,2,2,2,1,1,1,27.655,1657
1369,4,8,2,2,2,1,1,2,28.030,1732
1370,4,8,2,2,2,1,2,1,28.126,1730
1371,4,8,2,2,2,1,2,2,28.622,1792
1372,4,8,2,2,2,2,1,1,28.113,1720
1373,4,8,2,2,2,2,1,2,28.008,1760
1374,4,8,2,2,2,2,2,1,28.385,1769
1375,4,8,2,2,2,2,2,2,28.055,1902
1376,4,8,2,4,1,1,1,1,23.969,1645
1377,4,8,2,4,1,1,1,2,23.140,1635
1378,4,8,2,4,1,1,2,1,23.395,1671
1379,4,8,2,4,1,1,2,2,23.502,1763
1380,4,8,2,4,1,2,1,1,24.002,1600
1381,4,8,2,4,1,2,1,2,23.592,1646
1382,4,8,2,4,1,2,2,1,23.797,1622
1383,4,8,2,4,1,2,2,2,23.838,1691
1384,4,8,2,4,2,1,1,1,22.845,1714
1385,4,8,2,4,2,1,1,2,22.963,1893
1386,4,8,2,4,2,1,2,1,23.843,1868
1387,4,8,2,4,2,1,2,2,23.438,1959
1388,4,8,2,4,2,2,1,1,23.344,1862
1389,4,8,2,4,2,2,1,2,23.895,1898
1390,4,8,2,4,2,2,2,1,23.915,1954
1391,4,8,2,4,2,2,2,2,23.642,1957
1392,4,8,4,1,1,1,1,1,27.822,1816
1393,4,8,4,1,1,1,1,2,28.221,1856
1394,4,8,4,1,1,1,2,1,28.776,1811
1395,4,8,4,1,1,1,2,2,28.892,2035
1396,4,8,4,1,1,2,1,1,27.832,1803
1397,4,8,4,1,1,2,1,2,28.048,1955
1398,4,8,4,1,1,2,2,1,28.283,1964
1399,4,8,4,1,1,2,2,2,27.908,1959
1400,4,8,4,1,2,1,1,1,28.407,1944
1401,4,8,4,1,2,1,1,2,27.920,2054
1402,4,8,4,1,2,1,2,1,28.123,2078
1403,4,8,4,1,2,1,2,2,27.678,2081
1404,4,8,4,1,2,2,1,1,28.115,1954
1405,4,8,4,1,2,2,1,2,28.289,2110
1406,4,8,4,1,2,2,2,1,27.477,2054
1407,4,8,4,1,2,2,2,2,28.573,2151
1408,4,8,4,2,1,1,1,1,28.860,1753
1409,4,8,4,2,1,1,1,2,29.634,1922
1410,4,8,4,2,1,1,2,1,29.812,1912
1411,4,8,4,2,1,1,2,2,29.432,1883
1412,4,8,4,2,1,2,1,1,28.515,1828
1413,4,8,4,2,1,2,1,2,28.930,1922
1414,4,8,4,2,1,2,2,1,30.591,1981
1415,4,8,4,2,1,2,2,2,29.879,2025
1416,4,8,4,2,2,1,1,1,29.514,1922
1417,4,8,4,2,2,1,1,2,29.118,1945
1418,4,8,4,2,2,1,2,1,29.619,1855
1419,4,8,4,2,2,1,2,2,29.361,1987
1420,4,8,4,2,2,2,1,1,29.319,1940
1421,4,8,4,2,2,2,1,2,29.031,2026
1422,4,8,4,2,2,2,2,1,29.729,1930
1423,4,8,4,2,2,2,2,2,28.805,2104
1424,4,8,4,4,1,1,1,1,29.210,1944
1425,4,8,4,4,1,1,1,2,29.415,2045
1426,4,8,4,4,1,1,2,1,29.521,1962
1427,4,8,4,4,1,1,2,2,29.245,2111
1428,4,8,4,4,1,2,1,1,29.071,1924
1429,4,8,4,4,1,2,1,2,29.321,2055
1430,4,8,4,4,1,2,2,1,29.456,1986
1431,4,8,4,4,1,2,2,2,30.060,2044
1432,4,8,4,4,2,1,1,1,29.337,1999
1433,4,8,4,4,2,1,1,2,29.278,2101
1434,4,8,4,4,2,1,2,1,30.497,2142
1435,4,8,4,4,2,1,2,2,29.314,2087
1436,4,8,4,4,2,2,1,1,29.037,1994
1437,4,8,4,4,2,2,1,2,28.487,2120
1438,4,8,4,4,2,2,2,1,29.711,2118
1439,4,8,4,4,2,2,2,2,29.369,2149
1440,8,1,1,1,1,1,1,1,35.487,975
1441,8,1,1,1,1,1,1,2,35.909,1016
1442,8,1,1,1,1,1,2,1,37.415,940
1443,8,1,1,1,1,1,2,2,36.779,901
1444,8,1,1,1,1,2,1,1,36.825,919
1445,8,1,1,1,1,2,1,2,37.609,1042
1446,8,1,1,1,1,2,2,1,37.127,948
1447,8,1,1,1,1,2,2,2,37.706,922
1448,8,1,1,1,2,1,1,1,36.751,991
1449,8,1,1,1,2,1,1,2,35.311,1039
1450,8,1,1,1,2,1,2,1,35.611,1008
1451,8,1,1,1,2,1,2,2,37.849,1052
1452,8,1,1,1,2,2,1,1,36.006,1026
1453,8,1,1,1,2,2,1,2,36.456,1067
1454,8,1,1,1,2,2,2,1,35.832,1065
1455,8,1,1,1,2,2,2,2,37.801,1133
1456,8,1,1,2,1,1,1,1,36.636,902
1457,8,1,1,2,1,1,1,2,37.047,920
1458,8,1,1,2,1,1,2,1,38.393,936
1459,8,1,1,2,1,1,2,2,37.686,946
1460,8,1,1,2,1,2,1,1,35.461,938
1461,8,1,1,2,1,2,1,2,36.188,974
1462,8,1,1,2,1,2,2,1,35.997,968
1463,8,1,1,2,1,2,2,2,38.493,964
1464,8,1,1,2,2,1,1,1,37.633,1002
1465,8,1,1,2,2,1,1,2,36.949,1051
1466,8,1,1,2,2,1,2,1,36.312,1010
1467,8,1,1,2,2,1,2,2,37.622,1082
1468,8,1,1,2,2,2,1,1,36.244,1014
1469,8,1,1,2,2,2,1,2,35.909,1048
1470,8,1,1,2,2,2,2,1,36.902,1055
1471,8,1,1,2,2,2,2,2,36.445,1121
1472,8,1,1,4,1,1,1,1,37.090,923
1473,8,1,1,4,1,1,1,2,36.106,943
1474,8,1,1,4,1,1,2,1,36.115,954
1475,8,1,1,4,1,1,2,2,37.902,949
1476,8,1,1,4,1,2,1,1,36.418,1029
1477,8,1,1,4,1,2,1,2,36.226,997
1478,8,1,1,4,1,2,2,1,36.705,988
1479,8,1,1,4,1,2,2,2,36.855,1027
1480,8,1,1,4,2,1,1,1,36.324,1098
1481,8,1,1,4,2,1,1,2,36.271,1139
1482,8,1,1,4,2,1,2,1,37.748,1110
1483,8,1,1,4,2,1,2,2,38.173,1131
1484,8,1,1,4,2,2,1,1,35.461,1133
1485,8,1,1,4,2,2,1,2,35.436,1161
1486,8,1,1,4,2,2,2,1,36.234,1152
1487,8,1,1,4,2,2,2,2,38.361,1157
1488,8,1,2,1,1,1,1,1,45.644,961
1489,8,1,2,1,1,1,1,2,45.565,1027
1490,8,1,2,1,1,1,2,1,44.118,997
1491,8,1,2,1,1,1,2,2,45.641,1021
1492,8,1,2,1,1,2,1,1,44.284,999
1493,8,1,2,1,1,2,1,2,43.496,1057
1494,8,1,2,1,1,2,2,1,44.392,1048
1495,8,1,2,1,1,2,2,2,45.688,1060
1496,8,1,2,1,2,1,1,1,43.451,1103
1497,8,1,2,1,2,1,1,2,44.367,1149
1498,8,1,2,1,2,1,2,1,43.964,1153
1499,8,1,2,1,2,1,2,2,46.054,1177
1500,8,1,2,1,2,2,1,1,44.741,1138
1501,8,1,2,1,2,2,1,2,46.019,1171
1502,8,1,2,1,2,2,2,1,44.679,1144
1503,8,1,2,1,2,2,2,2,45.220,1194
1504,8,1,2,2,1,1,1,1,42.951,991
1505,8,1,2,2,1,1,1,2,45.260,1027
1506,8,1,2,2,1,1,2,1,45.272,1034
1507,8,1,2,2,1,1,2,2,44.461,1046
1508,8,1,2,2,1,2,1,1,43.995,979
1509,8,1,2,2,1,2,1,2,43.252,1031
1510,8,1,2,2,1,2,2,1,44.351,1064
1511,8,1,2,2,1,2,2,2,45.048,1033
1512,8,1,2,2,2,1,1,1,43.891,1124
1513,8,1,2,2,2,1,1,2,44.279,1146
1514,8,1,2,2,2,1,2,1,45.040,1188
1515,8,1,2,2,2,1,2,2,45.871,1198
1516,8,1,2,2,2,2,1,1,44.155,1157
1517,8,1,2,2,2,2,1,2,45.015,1171
1518,8,1,2,2,2,2,2,1,45.702,1208
1519,8,1,2,2,2,2,2,2,47.006,1226
1520,8,1,2,4,1,1,1,1,35.950,984
1521,8,1,2,4,1,1,1,2,37.296,1033
1522,8,1,2,4,1,1,2,1,36.821,1082
1523,8,1,2,4,1,1,2,2,37.080,1060
1524,8,1,2,4,1,2,1,1,36.613,1063
1525,8,1,2,4,1,2,1,2,36.430,1032
1526,8,1,2,4,1,2,2,1,36.323,1071
1527,8,1,2,4,1,2,2,2,37.861,1098
1528,8,1,2,4,2,1,1,1,36.532,1219
1529,8,1,2,4,2,1,1,2,36.666,1224
1530,8,1,2,4,2,1,2,1,37.579,1195
1531,8,1,2,4,2,1,2,2,37.918,1277
1532,8,1,2,4,2,2,1,1,36.724,1234
1533,8,1,2,4,2,2,1,2,36.891,1263
1534,8,1,2,4,2,2,2,1,36.686,1266
1535,8,1,2,4,2,2,2,2,37.809,1296
1536,8,1,4,1,1,1,1,1,43.771,1120
1537,8,1,4,1,1,1,1,2,43.302,1161
1538,8,1,4,1,1,1,2,1,43.501,1154
1539,8,1,4,1,1,1,2,2,44.826,1182
1540,8,1,4,1,1,2,1,1,43.943,1153
1541,8,1,4,1,1,2,1,2,43.293,1200
1542,8,1,4,1,1,2,2,1,44.454,1216
1543,8,1,4,1,1,2,2,2,44.738,1226
1544,8,1,4,1,2,1,1,1,43.812,1230
1545,8,1,4,1,2,1,1,2,42.688,1297
1546,8,1,4,1,2,1,2,1,44.020,1314
1547,8,1,4,1,2,1,2,2,45.039,1310
1548,8,1,4,1,2,2,1,1,43.122,1277
1549,8,1,4,1,2,2,1,2,43.776,1330
1550,8,1,4,1,2,2,2,1,43.781,1317
1551,8,1,4,1,2,2,2,2,44.988,1348
1552,8,1,4,2,1,1,1,1,44.117,1158
1553,8,1,4,2,1,1,1,2,45.274,1189
1554,8,1,4,2,1,1,2,1,44.505,1133
1555,8,1,4,2,1,1,2,2,45.085,1241
1556,8,1,4,2,1,2,1,1,43.812,1191
1557,8,1,4,2,1,2,1,2,44.665,1169
1558,8,1,4,2,1,2,2,1,44.667,1150
1559,8,1,4,2,1,2,2,2,44.642,1248
1560,8,1,4,2,2,1,1,1,44.787,1288
1561,8,1,4,2,2,1,1,2,43.641,1298
1562,8,1,4,2,2,1,2,1,43.186,1301
1563,8,1,4,2,2,1,2,2,44.918,1305
1564,8,1,4,2,2,2,1,1,44.972,1322
1565,8,1,4,2,2,2,1,2,43.346,1286
1566,8,1,4,2,2,2,2,1,44.607,1325
1567,8,1,4,2,2,2,2,2,45.471,1362
1568,8,1,4,4,1,1,1,1,43.179,1139
1569,8,1,4,4,1,1,1,2,44.108,1161
1570,8,1,4,4,1,1,2,1,44.074,1181
1571,8,1,4,4,1,1,2,2,46.444,1150
1572,8,1,4,4,1,2,1,1,43.798,1149
1573,8,1,4,4,1,2,1,2,44.853,1200
1574,8,1,4,4,1,2,2,1,43.961,1200
1575,8,1,4,4,1,2,2,2,45.002,1243
1576,8,1,4,4,2,1,1,1,43.834,1309
1577,8,1,4,4,2,1,1,2,43.708,1342
1578,8,1,4,4,2,1,2,1,43.826,1356
1579,8,1,4,4,2,1,2,2,45.099,1381
1580,8,1,4,4,2,2,1,1,44.491,1332
1581,8,1,4,4,2,2,1,2,44.154,1400
1582,8,1,4,4,2,2,2,1,44.183,1365
1583,8,1,4,4,2,2,2,2,43.760,1410
1584,8,2,1,1,1,1,1,1,36.201,1052
1585,8,2,1,1,1,1,1,2,35.684,1050
1586,8,2,1,1,1,1,2,1,36.063,1179
1587,8,2,1,1,1,1,2,2,37.749,1139
1588,8,2,1,1,1,2,1,1,36.915,1047
1589,8,2,1,1,1,2,1,2,37.077,1143
1590,8,2,1,1,1,2,2,1,36.378,1152
1591,8,2,1,1,1,2,2,2,36.944,1164
1592,8,2,1,1,2,1,1,1,36.898,1151
1593,8,2,1,1,2,1,1,2,35.874,1194
1594,8,2,1,1,2,1,2,1,36.218,1174
1595,8,2,1,1,2,1,2,2,36.386,1290
1596,8,2,1,1,2,2,1,1,35.263,1182
1597,8,2,1,1,2,2,1,2,35.985,1244
1598,8,2,1,1,2,2,2,1,36.995,1250
1599,8,2,1,1,2,2,2,2,34.757,1302
1600,8,2,1,2,1,1,1,1,37.572,1148
1601,8,2,1,2,1,1,1,2,36.626,1112
1602,8,2,1,2,1,1,2,1,38.526,1105
1603,8,2,1,2,1,1,2,2,36.869,1152
1604,8,2,1,2,1,2,1,1,38.306,1086
1605,8,2,1,2,1,2,1,2,35.958,1192
1606,8,2,1,2,1,2,2,1,37.377,1167
1607,8,2,1,2,1,2,2,2,38.167,1200
1608,8,2,1,2,2,1,1,1,35.989,1265
1609,8,2,1,2,2,1,1,2,35.344,1244
1610,8,2,1,2,2,1,2,1,36.340,1232
1611,8,2,1,2,2,1,2,2,38.129,1288
1612,8,2,1,2,2,2,1,1,38.332,1240
1613,8,2,1,2,2,2,1,2,36.405,1240
1614,8,2,1,2,2,2,2,1,37.296,1258
1615,8,2,1,2,2,2,2,2,36.991,1276
1616,8,2,1,4,1,1,1,1,36.523,1228
1617,8,2,1,4,1,1,1,2,36.240,1184
1618,8,2,1,4,1,1,2,1,39.089,1142
1619,8,2,1,4,1,1,2,2,36.313,1153
1620,8,2,1,4,1,2,1,1,35.828,1254
1621,8,2,1,4,1,2,1,2,36.662,1167
1622,8,2,1,4,1,2,2,1,37.219,1224
1623,8,2,1,4,1,2,2,2,37.027,1194
1624,8,2,1,4,2,1,1,1,35.572,1281
1625,8,2,1,4,2,1,1,2,35.241,1291
1626,8,2,1,4,2,1,2,1,37.191,1291
1627,8,2,1,4,2,1,2,2,38.129,1370
1628,8,2,1,4,2,2,1,1,35.197,1275
1629,8,2,1,4,2,2,1,2,34.776,1329
1630,8,2,1,4,2,2,2,1,36.093,1316
1631,8,2,1,4,2,2,2,2,35.871,1342
1632,8,2,2,1,1,1,1,1,42.819,1137
1633,8,2,2,1,1,1,1,2,42.860,1189
1634,8,2,2,1,1,1,2,1,42.812,1196
1635,8,2,2,1,1,1,2,2,44.072,1208
1636,8,2,2,1,1,2,1,1,43.478,1136
1637,8,2,2,1,1,2,1,2,44.872,1208
1638,8,2,2,1,1,2,2,1,44.282,1227
1639,8,2,2,1,1,2,2,2,44.963,1301
1640,8,2,2,1,2,1,1,1,41.459,1294
1641,8,2,2,1,2,1,1,2,41.174,1319
1642,8,2,2,1,2,1,2,1,44.333,1357
1643,8,2,2,1,2,1,2,2,44.494,1390
1644,8,2,2,1,2,2,1,1,43.252,1339
1645,8,2,2,1,2,2,1,2,42.440,1390
1646,8,2,2,1,2,2,2,1,44.362,1384
1647,8,2,2,1,2,2,2,2,44.357,1424
1648,8,2,2,2,1,1,1,1,42.286,1147
1649,8,2,2,2,1,1,1,2,43.105,1209
1650,8,2,2,2,1,1,2,1,43.548,1146
1651,8,2,2,2,1,1,2,2,43.457,1281
1652,8,2,2,2,1,2,1,1,42.680,1195
1653,8,2,2,2,1,2,1,2,42.756,1252
1654,8,2,2,2,1,2,2,1,44.235,1256
1655,8,2,2,2,1,2,2,2,44.188,1291
1656,8,2,2,2,2,1,1,1,41.825,1322
1657,8,2,2,2,2,1,1,2,42.991,1328
1658,8,2,2,2,2,1,2,1,43.909,1434
1659,8,2,2,2,2,1,2,2,42.015,1427
1660,8,2,2,2,2,2,1,1,44.195,1351
1661,8,2,2,2,2,2,1,2,43.664,1335
1662,8,2,2,2,2,2,2,1,43.273,1349
1663,8,2,2,2,2,2,2,2,44.675,1422
1664,8,2,2,4,1,1,1,1,37.510,1181
1665,8,2,2,4,1,1,1,2,37.522,1189
1666,8,2,2,4,1,1,2,1,38.465,1210
1667,8,2,2,4,1,1,2,2,37.401,1279
1668,8,2,2,4,1,2,1,1,36.983,1185
1669,8,2,2,4,1,2,1,2,36.039,1212
1670,8,2,2,4,1,2,2,1,38.564,1214
1671,8,2,2,4,1,2,2,2,37.433,1295
1672,8,2,2,4,2,1,1,1,34.298,1364
1673,8,2,2,4,2,1,1,2,35.344,1441
1674,8,2,2,4,2,1,2,1,36.479,1434
1675,8,2,2,4,2,1,2,2,36.568,1452
1676,8,2,2,4,2,2,1,1,35.673,1353
1677,8,2,2,4,2,2,1,2,35.467,1425
1678,8,2,2,4,2,2,2,1,36.759,1453
1679,8,2,2,4,2,2,2,2,36.222,1533
1680,8,2,4,1,1,1,1,1,42.669,1313
1681,8,2,4,1,1,1,1,2,41.684,1363
1682,8,2,4,1,1,1,2,1,43.864,1349
1683,8,2,4,1,1,1,2,2,44.768,1413
1684,8,2,4,1,1,2,1,1,41.186,1331
1685,8,2,4,1,1,2,1,2,41.569,1379
1686,8,2,4,1,1,2,2,1,42.251,1412
1687,8,2,4,1,1,2,2,2,42.806,1451
1688,8,2,4,1,2,1,1,1,40.966,1427
1689,8,2,4,1,2,1,1,2,41.505,1464
1690,8,2,4,1,2,1,2,1,43.809,1437
1691,8,2,4,1,2,1,2,2,42.727,1538
1692,8,2,4,1,2,2,1,1,42.912,1403
1693,8,2,4,1,2,2,1,2,41.489,1514
1694,8,2,4,1,2,2,2,1,42.938,1474
1695,8,2,4,1,2,2,2,2,44.638,1512
1696,8,2,4,2,1,1,1,1,32.102,1357
1697,8,2,4,2,1,1,1,2,31.401,1378
1698,8,2,4,2,1,1,2,1,32.672,1340
1699,8,2,4,2,1,1,2,2,32.808,1463
1700,8,2,4,2,1,2,1,1,31.891,1347
1701,8,2,4,2,1,2,1,2,31.039,1453
1702,8,2,4,2,1,2,2,1,33.307,1413
1703,8,2,4,2,1,2,2,2,31.553,1504
1704,8,2,4,2,2,1,1,1,30.432,1590
1705,8,2,4,2,2,1,1,2,31.506,1568
1706,8,2,4,2,2,1,2,1,31.832,1623
1707,8,2,4,2,2,1,2,2,31.413,1648
1708,8,2,4,2,2,2,1,1,30.298,1668
1709,8,2,4,2,2,2,1,2,30.919,1656
1710,8,2,4,2,2,2,2,1,31.371,1657
1711,8,2,4,2,2,2,2,2,31.934,1735
1712,8,2,4,4,1,1,1,1,30.625,1509
1713,8,2,4,4,1,1,1,2,30.799,1455
1714,8,2,4,4,1,1,2,1,30.773,1480
1715,8,2,4,4,1,1,2,2,31.319,1484
1716,8,2,4,4,1,2,1,1,30.793,1479
1717,8,2,4,4,1,2,1,2,30.455,1519
1718,8,2,4,4,1,2,2,1,31.660,1552
1719,8,2,4,4,1,2,2,2,31.052,1512
1720,8,2,4,4,2,1,1,1,30.679,1625
1721,8,2,4,4,2,1,1,2,30.139,1638
1722,8,2,4,4,2,1,2,1,32.435,1698
1723,8,2,4,4,2,1,2,2,31.358,1780
1724,8,2,4,4,2,2,1,1,31.764,1687
1725,8,2,4,4,2,2,1,2,31.850,1700
1726,8,2,4,4,2,2,2,1,32.345,1716
1727,8,2,4,4,2,2,2,2,32.143,1808
1728,8,4,1,1,1,1,1,1,37.855,1121
1729,8,4,1,1,1,1,1,2,36.910,1235
1730,8,4,1,1,1,1,2,1,37.881,1207
1731,8,4,1,1,1,1,2,2,38.216,1281
1732,8,4,1,1,1,2,1,1,37.810,1164
1733,8,4,1,1,1,2,1,2,36.926,1278
1734,8,4,1,1,1,2,2,1,38.614,1254
1735,8,4,1,1,1,2,2,2,36.856,1299
1736,8,4,1,1,2,1,1,1,36.754,1281
1737,8,4,1,1,2,1,1,2,37.290,1294
1738,8,4,1,1,2,1,2,1,37.661,1317
1739,8,4,1,1,2,1,2,2,37.087,1381
1740,8,4,1,1,2,2,1,1,35.826,1315
1741,8,4,1,1,2,2,1,2,35.602,1346
1742,8,4,1,1,2,2,2,1,36.719,1337
1743,8,4,1,1,2,2,2,2,37.934,1425
1744,8,4,1,2,1,1,1,1,36.565,1138
1745,8,4,1,2,1,1,1,2,36.856,1213
1746,8,4,1,2,1,1,2,1,38.530,1238
1747,8,4,1,2,1,1,2,2,37.902,1304
1748,8,4,1,2,1,2,1,1,38.556,1221
1749,8,4,1,2,1,2,1,2,37.996,1287
1750,8,4,1,2,1,2,2,1,38.011,1389
1751,8,4,1,2,1,2,2,2,37.817,1336
1752,8,4,1,2,2,1,1,1,36.530,1267
1753,8,4,1,2,2,1,1,2,39.164,1354
1754,8,4,1,2,2,1,2,1,37.693,1322
1755,8,4,1,2,2,1,2,2,37.979,1412
1756,8,4,1,2,2,2,1,1,36.214,1311
1757,8,4,1,2,2,2,1,2,36.038,1379
1758,8,4,1,2,2,2,2,1,39.142,1341
1759,8,4,1,2,2,2,2,2,37.079,1410
1760,8,4,1,4,1,1,1,1,37.670,1345
1761,8,4,1,4,1,1,1,2,37.258,1308
1762,8,4,1,4,1,1,2,1,38.187,1403
1763,8,4,1,4,1,1,2,2,38.957,1348
1764,8,4,1,4,1,2,1,1,36.977,1256
1765,8,4,1,4,1,2,1,2,37.728,1263
1766,8,4,1,4,1,2,2,1,37.364,1425
1767,8,4,1,4,1,2,2,2,39.450,1352
1768,8,4,1,4,2,1,1,1,36.434,1324
1769,8,4,1,4,2,1,1,2,37.040,1414
1770,8,4,1,4,2,1,2,1,37.510,1356
1771,8,4,1,4,2,1,2,2,38.080,1523
1772,8,4,1,4,2,2,1,1,35.039,1372
1773,8,4,1,4,2,2,1,2,37.107,1421
1774,8,4,1,4,2,2,2,1,36.067,1392
1775,8,4,1,4,2,2,2,2,38.401,1462
1776,8,4,2,1,1,1,1,1,44.787,1237
1777,8,4,2,1,1,1,1,2,44.859,1383
1778,8,4,2,1,1,1,2,1,47.602,1359
1779,8,4,2,1,1,1,2,2,46.902,1414
1780,8,4,2,1,1,2,1,1,44.312,1310
1781,8,4,2,1,1,2,1,2,43.925,1346
1782,8,4,2,1,1,2,2,1,45.841,1368
1783,8,4,2,1,1,2,2,2,46.629,1472
1784,8,4,2,1,2,1,1,1,43.948,1460
1785,8,4,2,1,2,1,1,2,44.155,1548
1786,8,4,2,1,2,1,2,1,45.518,1495
1787,8,4,2,1,2,1,2,2,46.881,1563
1788,8,4,2,1,2,2,1,1,43.562,1440
1789,8,4,2,1,2,2,1,2,44.090,1547
1790,8,4,2,1,2,2,2,1,45.328,1483
1791,8,4,2,1,2,2,2,2,44.729,1526
1792,8,4,2,2,1,1,1,1,43.580,1264
1793,8,4,2,2,1,1,1,2,44.238,1350
1794,8,4,2,2,1,1,2,1,45.768,1310
1795,8,4,2,2,1,1,2,2,44.619,1393
1796,8,4,2,2,1,2,1,1,43.343,1278
1797,8,4,2,2,1,2,1,2,45.389,1379
1798,8,4,2,2,1,2,2,1,46.370,1333
1799,8,4,2,2,1,2,2,2,45.073,1478
1800,8,4,2,2,2,1,1,1,43.428,1483
1801,8,4,2,2,2,1,1,2,43.352,1486
1802,8,4,2,2,2,1,2,1,47.024,1531
1803,8,4,2,2,2,1,2,2,46.030,1555
1804,8,4,2,2,2,2,1,1,44.863,1524
1805,8,4,2,2,2,2,1,2,44.959,1520
1806,8,4,2,2,2,2,2,1,44.120,1549
1807,8,4,2,2,2,2,2,2,45.361,1554
1808,8,4,2,4,1,1,1,1,36.184,1282
1809,8,4,2,4,1,1,1,2,38.012,1394
1810,8,4,2,4,1,1,2,1,37.293,1355
1811,8,4,2,4,1,1,2,2,37.817,1457
1812,8,4,2,4,1,2,1,1,37.900,1270
1813,8,4,2,4,1,2,1,2,38.263,1431
1814,8,4,2,4,1,2,2,1,40.023,1369
1815,8,4,2,4,1,2,2,2,39.056,1512
1816,8,4,2,4,2,1,1,1,34.909,1522
1817,8,4,2,4,2,1,1,2,35.352,1559
1818,8,4,2,4,2,1,2,1,38.489,1552
1819,8,4,2,4,2,1,2,2,37.689,1571
1820,8,4,2,4,2,2,1,1,36.150,1502
1821,8,4,2,4,2,2,1,2,37.171,1633
1822,8,4,2,4,2,2,2,1,35.126,1576
1823,8,4,2,4,2,2,2,2,36.822,1596
1824,8,4,4,1,1,1,1,1,43.702,1448
1825,8,4,4,1,1,1,1,2,42.660,1570
1826,8,4,4,1,1,1,2,1,45.676,1505
1827,8,4,4,1,1,1,2,2,45.323,1537
1828,8,4,4,1,1,2,1,1,44.513,1493
1829,8,4,4,1,1,2,1,2,42.846,1571
1830,8,4,4,1,1,2,2,1,45.623,1461
1831,8,4,4,1,1,2,2,2,43.852,1557
1832,8,4,4,1,2,1,1,1,43.321,1509
1833,8,4,4,1,2,1,1,2,43.962,1658
1834,8,4,4,1,2,1,2,1,43.976,1582
1835,8,4,4,1,2,1,2,2,43.513,1735
1836,8,4,4,1,2,2,1,1,43.788,1570
1837,8,4,4,1,2,2,1,2,43.325,1691
1838,8,4,4,1,2,2,2,1,44.345,1650
1839,8,4,4,1,2,2,2,2,44.642,1713
1840,8,4,4,2,1,1,1,1,32.311,1545
1841,8,4,4,2,1,1,1,2,32.725,1578
1842,8,4,4,2,1,1,2,1,33.433,1557
1843,8,4,4,2,1,1,2,2,33.042,1631
1844,8,4,4,2,1,2,1,1,31.693,1581
1845,8,4,4,2,1,2,1,2,32.796,1633
1846,8,4,4,2,1,2,2,1,32.323,1576
1847,8,4,4,2,1,2,2,2,33.424,1714
1848,8,4,4,2,2,1,1,1,33.054,1673
1849,8,4,4,2,2,1,1,2,32.635,1726
1850,8,4,4,2,2,1,2,1,34.062,1707
1851,8,4,4,2,2,1,2,2,33.904,1788
1852,8,4,4,2,2,2,1,1,32.734,1667
1853,8,4,4,2,2,2,1,2,32.273,1732
1854,8,4,4,2,2,2,2,1,32.623,1738
1855,8,4,4,2,2,2,2,2,32.547,1850
1856,8,4,4,4,1,1,1,1,32.566,1518
1857,8,4,4,4,1,1,1,2,33.242,1693
1858,8,4,4,4,1,1,2,1,33.381,1557
1859,8,4,4,4,1,1,2,2,33.013,1632
1860,8,4,4,4,1,2,1,1,32.821,1577
1861,8,4,4,4,1,2,1,2,32.973,1634
1862,8,4,4,4,1,2,2,1,33.592,1610
1863,8,4,4,4,1,2,2,2,33.843,1659
1864,8,4,4,4,2,1,1,1,32.149,1652
1865,8,4,4,4,2,1,1,2,31.418,1779
1866,8,4,4,4,2,1,2,1,32.469,1788
1867,8,4,4,4,2,1,2,2,32.827,1816
1868,8,4,4,4,2,2,1,1,31.958,1735
1869,8,4,4,4,2,2,1,2,32.887,1827
1870,8,4,4,4,2,2,2,1,33.222,1843
1871,8,4,4,4,2,2,2,2,32.842,1848
1872,8,8,1,1,1,1,1,1,22.635,1565
1873,8,8,1,1,1,1,1,2,23.321,1384
1874,8,8,1,1,1,1,2,1,23.588,1441
1875,8,8,1,1,1,1,2,2,23.287,1424
1876,8,8,1,1,1,2,1,1,23.268,1378
1877,8,8,1,1,1,2,1,2,23.122,1447
1878,8,8,1,1,1,2,2,1,22.732,1464
1879,8,8,1,1,1,2,2,2,24.055,1513
1880,8,8,1,1,2,1,1,1,23.203,1499
1881,8,8,1,1,2,1,1,2,23.464,1589
1882,8,8,1,1,2,1,2,1,23.483,1599
1883,8,8,1,1,2,1,2,2,23.842,1646
1884,8,8,1,1,2,2,1,1,23.524,1537
1885,8,8,1,1,2,2,1,2,23.806,1623
1886,8,8,1,1,2,2,2,1,22.684,1666
1887,8,8,1,1,2,2,2,2,23.599,1730
1888,8,8,1,2,1,1,1,1,22.885,1356
1889,8,8,1,2,1,1,1,2,23.026,1465
1890,8,8,1,2,1,1,2,1,23.979,1470
1891,8,8,1,2,1,1,2,2,23.616,1533
1892,8,8,1,2,1,2,1,1,23.981,1449
1893,8,8,1,2,1,2,1,2,23.806,1476
1894,8,8,1,2,1,2,2,1,22.882,1448
1895,8,8,1,2,1,2,2,2,23.976,1593
1896,8,8,1,2,2,1,1,1,23.476,1567
1897,8,8,1,2,2,1,1,2,23.745,1587
1898,8,8,1,2,2,1,2,1,24.011,1576
1899,8,8,1,2,2,1,2,2,23.596,1626
1900,8,8,1,2,2,2,1,1,22.768,1500
1901,8,8,1,2,2,2,1,2,23.070,1574
1902,8,8,1,2,2,2,2,1,24.051,1616
1903,8,8,1,2,2,2,2,2,23.693,1694
1904,8,8,1,4,1,1,1,1,23.895,1458
1905,8,8,1,4,1,1,1,2,22.668,1470
1906,8,8,1,4,1,1,2,1,23.698,1450
1907,8,8,1,4,1,1,2,2,23.756,1484
1908,8,8,1,4,1,2,1,1,23.636,1422
1909,8,8,1,4,1,2,1,2,22.838,1432
1910,8,8,1,4,1,2,2,1,23.684,1482
1911,8,8,1,4,1,2,2,2,23.375,1514
1912,8,8,1,4,2,1,1,1,23.094,1585
1913,8,8,1,4,2,1,1,2,22.914,1716
1914,8,8,1,4,2,1,2,1,23.368,1588
1915,8,8,1,4,2,1,2,2,24.196,1784
1916,8,8,1,4,2,2,1,1,23.335,1613
1917,8,8,1,4,2,2,1,2,24.748,1738
1918,8,8,1,4,2,2,2,1,23.875,1678
1919,8,8,1,4,2,2,2,2,23.782,1761
1920,8,8,2,1,1,1,1,1,28.463,1512
1921,8,8,2,1,1,1,1,2,28.731,1594
1922,8,8,2,1,1,1,2,1,28.148,1576
1923,8,8,2,1,1,1,2,2,28.586,1621
1924,8,8,2,1,1,2,1,1,27.594,1537
1925,8,8,2,1,1,2,1,2,28.374,1576
1926,8,8,2,1,1,2,2,1,28.740,1592
1927,8,8,2,1,1,2,2,2,28.559,1725
1928,8,8,2,1,2,1,1,1,27.470,1608
1929,8,8,2,1,2,1,1,2,28.502,1695
1930,8,8,2,1,2,1,2,1,29.339,1685
1931,8,8,2,1,2,1,2,2,29.046,1809
1932,8,8,2,1,2,2,1,1,28.363,1640
1933,8,8,2,1,2,2,1,2,27.930,1761
1934,8,8,2,1,2,2,2,1,28.725,1665
1935,8,8,2,1,2,2,2,2,28.170,1771
1936,8,8,2,2,1,1,1,1,28.534,1497
1937,8,8,2,2,1,1,1,2,27.604,1555
1938,8,8,2,2,1,1,2,1,29.190,1539
1939,8,8,2,2,1,1,2,2,28.158,1637
1940,8,8,2,2,1,2,1,1,27.714,1517
1941,8,8,2,2,1,2,1,2,27.688,1581
1942,8,8,2,2,1,2,2,1,28.598,1530
1943,8,8,2,2,1,2,2,2,28.660,1690
1944,8,8,2,2,2,1,1,1,28.021,1619
1945,8,8,2,2,2,1,1,2,28.120,1670
1946,8,8,2,2,2,1,2,1,28.748,1651
1947,8,8,2,2,2,1,2,2,27.469,1749
1948,8,8,2,2,2,2,1,1,28.213,1632
1949,8,8,2,2,2,2,1,2,27.358,1702
1950,8,8,2,2,2,2,2,1,28.489,1697
1951,8,8,2,2,2,2,2,2,28.557,1792
1952,8,8,2,4,1,1,1,1,23.951,1544
1953,8,8,2,4,1,1,1,2,23.517,1624
1954,8,8,2,4,1,1,2,1,23.856,1609
1955,8,8,2,4,1,1,2,2,23.700,1710
1956,8,8,2,4,1,2,1,1,23.943,1594
1957,8,8,2,4,1,2,1,2,23.032,1642
1958,8,8,2,4,1,2,2,1,23.309,1660
1959,8,8,2,4,1,2,2,2,23.773,1695
1960,8,8,2,4,2,1,1,1,23.325,1673
1961,8,8,2,4,2,1,1,2,23.599,1813
1962,8,8,2,4,2,1,2,1,23.488,1721
1963,8,8,2,4,2,1,2,2,24.109,1942
1964,8,8,2,4,2,2,1,1,23.441,1646
1965,8,8,2,4,2,2,1,2,23.806,1880
1966,8,8,2,4,2,2,2,1,24.844,1815
1967,8,8,2,4,2,2,2,2,23.967,1883
1968,8,8,4,1,1,1,1,1,28.389,1820
1969,8,8,4,1,1,1,1,2,28.100,1894
1970,8,8,4,1,1,1,2,1,28.570,1786
1971,8,8,4,1,1,1,2,2,28.778,1947
1972,8,8,4,1,1,2,1,1,27.406,1811
1973,8,8,4,1,1,2,1,2,28.992,1826
1974,8,8,4,1,1,2,2,1,27.760,1910
1975,8,8,4,1,1,2,2,2,28.072,1887
1976,8,8,4,1,2,1,1,1,28.674,1891
1977,8,8,4,1,2,1,1,2,27.919,2021
1978,8,8,4,1,2,1,2,1,28.436,1916
1979,8,8,4,1,2,1,2,2,27.968,2029
1980,8,8,4,1,2,2,1,1,28.689,1948
1981,8,8,4,1,2,2,1,2,28.135,2010
1982,8,8,4,1,2,2,2,1,28.747,1959
1983,8,8,4,1,2,2,2,2,27.976,2100
1984,8,8,4,2,1,1,1,1,28.902,1780
1985,8,8,4,2,1,1,1,2,29.724,1890
1986,8,8,4,2,1,1,2,1,29.237,1926
1987,8,8,4,2,1,1,2,2,30.366,1889
1988,8,8,4,2,1,2,1,1,29.060,1871
1989,8,8,4,2,1,2,1,2,29.413,1781
1990,8,8,4,2,1,2,2,1,29.034,1799
1991,8,8,4,2,1,2,2,2,30.081,1900
1992,8,8,4,2,2,1,1,1,29.319,1913
1993,8,8,4,2,2,1,1,2,28.955,2039
1994,8,8,4,2,2,1,2,1,29.775,2011
1995,8,8,4,2,2,1,2,2,29.739,2088
1996,8,8,4,2,2,2,1,1,29.473,1962
1997,8,8,4,2,2,2,1,2,28.736,2002
1998,8,8,4,2,2,2,2,1,29.921,2012
1999,8,8,4,2,2,2,2,2,29.976,2108
2000,8,8,4,4,1,1,1,1,29.079,1718
2001,8,8,4,4,1,1,1,2,29.038,1820
2002,8,8,4,4,1,1,2,1,30.458,1888
2003,8,8,4,4,1,1,2,2,30.093,1930
2004,8,8,4,4,1,2,1,1,29.562,1783
2005,8,8,4,4,1,2,1,2,29.614,1839
2006,8,8,4,4,1,2,2,1,29.571,1883
2007,8,8,4,4,1,2,2,2,29.528,1960
2008,8,8,4,4,2,1,1,1,28.663,1839
2009,8,8,4,4,2,1,1,2,29.665,1995
2010,8,8,4,4,2,1,2,1,29.775,2045
2011,8,8,4,4,2,1,2,2,29.685,2202
2012,8,8,4,4,2,2,1,1,29.475,2066
2013,8,8,4,4,2,2,1,2,29.415,2100
2014,8,8,4,4,2,2,2,1,29.323,2004
2015,8,8,4,4,2,2,2,2,30.541,2172
